,comment_id,comment_url,commenter_id,commenter_url,commenter_name,commenter_meta,comment_text,comment_time,comment_image,comment_reactors,comment_reactions,comment_reaction_count,replies
0,388362020006593,https://facebook.com/388362020006593,100010871206015,https://facebook.com/napatsakorn.napijit?groupid=332678448908284&eav=AfYMXpBEY05XZT64VClCanoru4LMrJDeHkKE0kt4W9qukl0Qc6YBO3scg6OBFyyAD9k&rc=p&refid=18&__tn__=R&paipv=0,Napatsakorn Weangchaiyaphum,,"‡∏à‡∏∞‡πÑ‡∏î‡πâ‡πÄ‡∏õ‡πá‡∏ô‡πÑ‡∏ü‡∏•‡πå‡∏´‡∏£
‡∏∑‡∏≠‡πÄ‡∏õ‡πá‡∏ô‡πÄ‡∏•‡πà‡∏°‡∏Ñ‡∏£‡∏±‡∏ö",2022-06-09,,[],,,<generator object PostExtractor.extract_comment_replies at 0x000001E7CED59C10>
1,389046153271513,https://facebook.com/389046153271513,103108344684186,https://facebook.com/ESENEDUCATION/?rc=p&refid=18&__tn__=%7ER&paipv=0&eav=AfbOABhjtvyp-o72PdDkgntP5hkUwcGkdB5wOgsrqIojYMvHMp6CZJjinKcJTZnQCBM,‡πÄ‡∏£‡∏µ‡∏¢‡∏ô‡∏ï‡πà‡∏≠‡∏≠‡∏µ‡∏™‡∏≤‡∏ô - ‡∏†‡∏≤‡∏£‡πÇ‡∏£‡∏á‡∏™‡πÄ‡∏ï‡∏ä‡∏±‡πà‡∏ô,,üö®,2022-06-09,,[],,,[]
2,387298303446298,https://facebook.com/387298303446298,103108344684186,https://facebook.com/ESENEDUCATION/?rc=p&refid=18&__tn__=%7ER&paipv=0&eav=AfaH4cu788HlrPRVFfPWyCexxHIJhESSWQvG4eWfgKn_FFeZsD0NvpeMAzmJs3kLCDs,‡πÄ‡∏£‡∏µ‡∏¢‡∏ô‡∏ï‡πà‡∏≠‡∏≠‡∏µ‡∏™‡∏≤‡∏ô - ‡∏†‡∏≤‡∏£‡πÇ‡∏£‡∏á‡∏™‡πÄ‡∏ï‡∏ä‡∏±‡πà‡∏ô,,‡πÄ‡∏£‡∏µ‡∏¢‡∏ô‡∏ï‡πà‡∏≠‡∏≠‡∏µ‡∏™‡∏≤‡∏ô - ‡∏†‡∏≤‡∏£‡πÇ‡∏£‡∏á‡∏™‡πÄ‡∏ï‡∏ä‡∏±‡πà‡∏ô,2022-06-09,https://scontent.fkkc3-1.fna.fbcdn.net/v/t39.1997-6/47270791_937342239796388_4222599360510164992_n.png?stp=cp0_dst-png_s110x80&_nc_cat=1&ccb=1-7&_nc_sid=ac3552&efg=eyJpIjoidCJ9&_nc_ohc=z3okV-Y4oc0AX_lyDop&_nc_ht=scontent.fkkc3-1.fna&oh=00_AT-2jQAVcjM4pAS8qid248DPptHy8bn5BuxudHoEIjDmHg&oe=631EBAB2,[],,,[]
3,387298436779618,https://facebook.com/387298436779618,103108344684186,https://facebook.com/ESENEDUCATION/?rc=p&refid=18&__tn__=%7ER&paipv=0&eav=AfYXaxS9it9KCFTJbxs-lxsoyo3g7GcXLpqsrLmgq4FL-ONGs6H4vEbD-e1E2OiOLno,‡πÄ‡∏£‡∏µ‡∏¢‡∏ô‡∏ï‡πà‡∏≠‡∏≠‡∏µ‡∏™‡∏≤‡∏ô - ‡∏†‡∏≤‡∏£‡πÇ‡∏£‡∏á‡∏™‡πÄ‡∏ï‡∏ä‡∏±‡πà‡∏ô,,‡πÄ‡∏£‡∏µ‡∏¢‡∏ô‡∏ï‡πà‡∏≠‡∏≠‡∏µ‡∏™‡∏≤‡∏ô - ‡∏†‡∏≤‡∏£‡πÇ‡∏£‡∏á‡∏™‡πÄ‡∏ï‡∏ä‡∏±‡πà‡∏ô,2022-06-09,https://scontent.fkkc3-1.fna.fbcdn.net/v/t39.30808-6/285341826_538343037827379_1870032318976766168_n.jpg?stp=cp0_dst-jpg_e15_q65_s180x540&_nc_cat=107&ccb=1-7&_nc_sid=1480c5&efg=eyJpIjoidCJ9&_nc_ohc=2ZwSClLsWwYAX9zryPg&_nc_ht=scontent.fkkc3-1.fna&oh=00_AT9jrT9u-9A1P4I7AOvNx5YDWEIDvLyfhrqH7a8veeNnWw&oe=631EDB8E,[],,,[]
4,387298620112933,https://facebook.com/387298620112933,103108344684186,https://facebook.com/ESENEDUCATION/?rc=p&refid=18&__tn__=%7ER&paipv=0&eav=AfbL66ewXDycmrV_mC8PdS2QAZjAz11m6puzmAquHq4VZDhhOEbGi7Ytljh2Ohovb7E,‡πÄ‡∏£‡∏µ‡∏¢‡∏ô‡∏ï‡πà‡∏≠‡∏≠‡∏µ‡∏™‡∏≤‡∏ô - ‡∏†‡∏≤‡∏£‡πÇ‡∏£‡∏á‡∏™‡πÄ‡∏ï‡∏ä‡∏±‡πà‡∏ô,,‡πÄ‡∏£‡∏µ‡∏¢‡∏ô‡∏ï‡πà‡∏≠‡∏≠‡∏µ‡∏™‡∏≤‡∏ô - ‡∏†‡∏≤‡∏£‡πÇ‡∏£‡∏á‡∏™‡πÄ‡∏ï‡∏ä‡∏±‡πà‡∏ô,2022-06-09,https://scontent.fkkc3-1.fna.fbcdn.net/v/t39.30808-6/285518347_538343257827357_8839839337535557535_n.jpg?stp=cp0_dst-jpg_e15_p130x130_q65&_nc_cat=102&ccb=1-7&_nc_sid=1480c5&efg=eyJpIjoidCJ9&_nc_ohc=9X476t-gqEIAX9-iY5d&_nc_ht=scontent.fkkc3-1.fna&oh=00_AT_-eEdMNsAMgNtfELNbUFtFvtURZgRIG4fZH19IdVCkxw&oe=631ED9A0,[],,,[]
5,387298506779611,https://facebook.com/387298506779611,103108344684186,https://facebook.com/ESENEDUCATION/?rc=p&refid=18&__tn__=%7ER&paipv=0&eav=AfZS1Pdiz13w4VRnB-wMVTkIaTLwSeJwzNamhYceAkc-1lPA0ZVqbpbuzU5mTDnoX5w,‡πÄ‡∏£‡∏µ‡∏¢‡∏ô‡∏ï‡πà‡∏≠‡∏≠‡∏µ‡∏™‡∏≤‡∏ô - ‡∏†‡∏≤‡∏£‡πÇ‡∏£‡∏á‡∏™‡πÄ‡∏ï‡∏ä‡∏±‡πà‡∏ô,,‡πÄ‡∏£‡∏µ‡∏¢‡∏ô‡∏ï‡πà‡∏≠‡∏≠‡∏µ‡∏™‡∏≤‡∏ô - ‡∏†‡∏≤‡∏£‡πÇ‡∏£‡∏á‡∏™‡πÄ‡∏ï‡∏ä‡∏±‡πà‡∏ô,2022-06-09,https://scontent.fkkc3-1.fna.fbcdn.net/v/t39.30808-6/285291639_538343141160702_4730411499175684734_n.jpg?stp=cp0_dst-jpg_e15_p160x160_q65&_nc_cat=102&ccb=1-7&_nc_sid=1480c5&efg=eyJpIjoidCJ9&_nc_ohc=P3lNm-CNQjkAX_R3S3Q&_nc_ht=scontent.fkkc3-1.fna&oh=00_AT-3po_8N3rzx7e1P5yoRwvS3CaYbbJGxsBz8g6-1CMtwg&oe=631FA1AC,[],,,[]
6,387307643445364,https://facebook.com/387307643445364,103108344684186,https://facebook.com/ESENEDUCATION/?rc=p&refid=18&__tn__=%7ER&paipv=0&eav=Afb5s_iwO55LczXXoy8Z97NCQJxP0k6XGG-YcuYHRhcCMftTT8iHvggaeJ7jSqXdhtM,‡πÄ‡∏£‡∏µ‡∏¢‡∏ô‡∏ï‡πà‡∏≠‡∏≠‡∏µ‡∏™‡∏≤‡∏ô - ‡∏†‡∏≤‡∏£‡πÇ‡∏£‡∏á‡∏™‡πÄ‡∏ï‡∏ä‡∏±‡πà‡∏ô,,‡πÄ‡∏£‡∏µ‡∏¢‡∏ô‡∏ï‡πà‡∏≠‡∏≠‡∏µ‡∏™‡∏≤‡∏ô - ‡∏†‡∏≤‡∏£‡πÇ‡∏£‡∏á‡∏™‡πÄ‡∏ï‡∏ä‡∏±‡πà‡∏ô,2022-06-09,https://scontent.fkkc3-1.fna.fbcdn.net/v/t39.30808-6/285611948_538351364493213_2633856011100551004_n.jpg?stp=cp0_dst-jpg_e15_p160x160_q65&_nc_cat=104&ccb=1-7&_nc_sid=1480c5&efg=eyJpIjoidCJ9&_nc_ohc=kp_E23QKXRMAX8mCz99&_nc_ht=scontent.fkkc3-1.fna&oh=00_AT9fOAFCjJWHNqwMj9yLhtOuKen2DzWiYebut21-Xh0v4Q&oe=631E2D1F,[],,,[]
7,387299006779561,https://facebook.com/387299006779561,103108344684186,https://facebook.com/ESENEDUCATION/?rc=p&refid=18&__tn__=%7ER&paipv=0&eav=AfYmonyOtv1SnNjzvydY4ADudwz_CAkcSo6ppjpqoyir8ub2ozf0095pWMdEp9MIj-M,‡πÄ‡∏£‡∏µ‡∏¢‡∏ô‡∏ï‡πà‡∏≠‡∏≠‡∏µ‡∏™‡∏≤‡∏ô - ‡∏†‡∏≤‡∏£‡πÇ‡∏£‡∏á‡∏™‡πÄ‡∏ï‡∏ä‡∏±‡πà‡∏ô,,‡πÄ‡∏£‡∏µ‡∏¢‡∏ô‡∏ï‡πà‡∏≠‡∏≠‡∏µ‡∏™‡∏≤‡∏ô - ‡∏†‡∏≤‡∏£‡πÇ‡∏£‡∏á‡∏™‡πÄ‡∏ï‡∏ä‡∏±‡πà‡∏ô,2022-06-09,https://scontent.fkkc3-1.fna.fbcdn.net/v/t39.30808-6/285586788_538343954493954_139917899624625698_n.jpg?stp=cp0_dst-jpg_e15_q65_s180x540&_nc_cat=106&ccb=1-7&_nc_sid=1480c5&efg=eyJpIjoidCJ9&_nc_ohc=IUUtMMP5hJMAX9Y1Nsz&_nc_ht=scontent.fkkc3-1.fna&oh=00_AT8yYT3jSi_qFEP80HU8B_PgezCCxX1ZU8lcyNNtcGakRQ&oe=631FF6A3,[],,,[]
8,387298970112898,https://facebook.com/387298970112898,103108344684186,https://facebook.com/ESENEDUCATION/?rc=p&refid=18&__tn__=%7ER&paipv=0&eav=AfbPMEEonmJ6Tm27WotrPqGUD4hVmuvmWRnwrcSM5IjLqNWO6GHk9FIhvvlrles3Fyk,‡πÄ‡∏£‡∏µ‡∏¢‡∏ô‡∏ï‡πà‡∏≠‡∏≠‡∏µ‡∏™‡∏≤‡∏ô - ‡∏†‡∏≤‡∏£‡πÇ‡∏£‡∏á‡∏™‡πÄ‡∏ï‡∏ä‡∏±‡πà‡∏ô,,‡πÄ‡∏£‡∏µ‡∏¢‡∏ô‡∏ï‡πà‡∏≠‡∏≠‡∏µ‡∏™‡∏≤‡∏ô - ‡∏†‡∏≤‡∏£‡πÇ‡∏£‡∏á‡∏™‡πÄ‡∏ï‡∏ä‡∏±‡πà‡∏ô,2022-06-09,https://scontent.fkkc3-1.fna.fbcdn.net/v/t39.30808-6/285468209_538343911160625_7005198632529995307_n.jpg?stp=cp0_dst-jpg_e15_q65_s180x540&_nc_cat=100&ccb=1-7&_nc_sid=1480c5&efg=eyJpIjoidCJ9&_nc_ohc=vMYyfYL_tmwAX_K2C4H&_nc_ht=scontent.fkkc3-1.fna&oh=00_AT_khKaG32lvYYi3t1EbfsYGpT5BO0uO-ufoj7q2ZbCP-A&oe=631F1BE1,[],,,[]
9,387298950112900,https://facebook.com/387298950112900,103108344684186,https://facebook.com/ESENEDUCATION/?rc=p&refid=18&__tn__=%7ER&paipv=0&eav=AfaHhpRk_kvfC9RKyqbxSOYdC9sDkLfSIoBUl6qXKzdow94QjJpQUdBVAby2nojvcEQ,‡πÄ‡∏£‡∏µ‡∏¢‡∏ô‡∏ï‡πà‡∏≠‡∏≠‡∏µ‡∏™‡∏≤‡∏ô - ‡∏†‡∏≤‡∏£‡πÇ‡∏£‡∏á‡∏™‡πÄ‡∏ï‡∏ä‡∏±‡πà‡∏ô,,‡πÄ‡∏£‡∏µ‡∏¢‡∏ô‡∏ï‡πà‡∏≠‡∏≠‡∏µ‡∏™‡∏≤‡∏ô - ‡∏†‡∏≤‡∏£‡πÇ‡∏£‡∏á‡∏™‡πÄ‡∏ï‡∏ä‡∏±‡πà‡∏ô,2022-06-09,https://scontent.fkkc3-1.fna.fbcdn.net/v/t39.30808-6/285436679_538343851160631_8486810475510925971_n.jpg?stp=cp0_dst-jpg_e15_q65_s180x540&_nc_cat=110&ccb=1-7&_nc_sid=1480c5&efg=eyJpIjoidCJ9&_nc_ohc=mVsTEcUJbtoAX8b9Win&_nc_ht=scontent.fkkc3-1.fna&oh=00_AT9v0NdJxm4eQq5qiv6bVAb-2JECUGDDNHR7_su3rmZFZg&oe=631FF4BF,[],,,[]
10,387298903446238,https://facebook.com/387298903446238,103108344684186,https://facebook.com/ESENEDUCATION/?rc=p&refid=18&__tn__=%7ER&paipv=0&eav=AfapbjZkjQX_MU4ASZu0btrxX9pQW8VnHx7xcLhq7O2vQd-_zEOYYUyxzDbKLOpNy5Y,‡πÄ‡∏£‡∏µ‡∏¢‡∏ô‡∏ï‡πà‡∏≠‡∏≠‡∏µ‡∏™‡∏≤‡∏ô - ‡∏†‡∏≤‡∏£‡πÇ‡∏£‡∏á‡∏™‡πÄ‡∏ï‡∏ä‡∏±‡πà‡∏ô,,‡πÄ‡∏£‡∏µ‡∏¢‡∏ô‡∏ï‡πà‡∏≠‡∏≠‡∏µ‡∏™‡∏≤‡∏ô - ‡∏†‡∏≤‡∏£‡πÇ‡∏£‡∏á‡∏™‡πÄ‡∏ï‡∏ä‡∏±‡πà‡∏ô,2022-06-09,https://scontent.fkkc3-1.fna.fbcdn.net/v/t39.30808-6/285405045_538343811160635_3358000261702742410_n.jpg?stp=cp0_dst-jpg_e15_q65_s180x540&_nc_cat=106&ccb=1-7&_nc_sid=1480c5&efg=eyJpIjoidCJ9&_nc_ohc=9NEnZ07mAWEAX-Kn0Ce&tn=-B_DPogsAKeJprI3&_nc_ht=scontent.fkkc3-1.fna&oh=00_AT_y3xZa7k21utxvG9I44fw2P2dUILdnvta3GCuje-slIQ&oe=631F80ED,[],,,[]
11,387298893446239,https://facebook.com/387298893446239,103108344684186,https://facebook.com/ESENEDUCATION/?rc=p&refid=18&__tn__=%7ER&paipv=0&eav=AfY4C8-4BzZ-fcrVmxzpfG9aZaLepUtR7ehXIykmbhMgtnvLu9cnmgeI_Ug-Sm5Qyzw,‡πÄ‡∏£‡∏µ‡∏¢‡∏ô‡∏ï‡πà‡∏≠‡∏≠‡∏µ‡∏™‡∏≤‡∏ô - ‡∏†‡∏≤‡∏£‡πÇ‡∏£‡∏á‡∏™‡πÄ‡∏ï‡∏ä‡∏±‡πà‡∏ô,,‡πÄ‡∏£‡∏µ‡∏¢‡∏ô‡∏ï‡πà‡∏≠‡∏≠‡∏µ‡∏™‡∏≤‡∏ô - ‡∏†‡∏≤‡∏£‡πÇ‡∏£‡∏á‡∏™‡πÄ‡∏ï‡∏ä‡∏±‡πà‡∏ô,2022-06-09,https://scontent.fkkc3-1.fna.fbcdn.net/v/t39.30808-6/285460563_538343754493974_5102241960854382301_n.jpg?stp=cp0_dst-jpg_e15_q65_s180x540&_nc_cat=101&ccb=1-7&_nc_sid=1480c5&efg=eyJpIjoidCJ9&_nc_ohc=HGczMeRsBSsAX_fUkoR&_nc_ht=scontent.fkkc3-1.fna&oh=00_AT_PehqTNx1TsgWPme9wH7IiZIS_zZuPB1Ls-1jLypAzeg&oe=631E8583,[],,,[]
12,387298873446241,https://facebook.com/387298873446241,103108344684186,https://facebook.com/ESENEDUCATION/?rc=p&refid=18&__tn__=%7ER&paipv=0&eav=AfbBUBAMJ2WVf4tRwBq9EN5XkDjxnd2qStUJT9KEir1VBZgiuIlB17-1Th5yWoiPEwE,‡πÄ‡∏£‡∏µ‡∏¢‡∏ô‡∏ï‡πà‡∏≠‡∏≠‡∏µ‡∏™‡∏≤‡∏ô - ‡∏†‡∏≤‡∏£‡πÇ‡∏£‡∏á‡∏™‡πÄ‡∏ï‡∏ä‡∏±‡πà‡∏ô,,‡πÄ‡∏£‡∏µ‡∏¢‡∏ô‡∏ï‡πà‡∏≠‡∏≠‡∏µ‡∏™‡∏≤‡∏ô - ‡∏†‡∏≤‡∏£‡πÇ‡∏£‡∏á‡∏™‡πÄ‡∏ï‡∏ä‡∏±‡πà‡∏ô,2022-06-09,https://scontent.fkkc3-1.fna.fbcdn.net/v/t39.30808-6/285439679_538343714493978_9218135111611720171_n.jpg?stp=cp0_dst-jpg_e15_p130x130_q65&_nc_cat=107&ccb=1-7&_nc_sid=1480c5&efg=eyJpIjoidCJ9&_nc_ohc=9q0RWDkNlXcAX89AUC7&_nc_ht=scontent.fkkc3-1.fna&oh=00_AT-X3IPeh8tBpKNSdNrMFIrfzoETi_XGkVzoKSroCqWdEA&oe=631E3727,[],,,[]
13,387298846779577,https://facebook.com/387298846779577,103108344684186,https://facebook.com/ESENEDUCATION/?rc=p&refid=18&__tn__=%7ER&paipv=0&eav=AfanR-kRjQOcsyqoWAUFdDx4HACDA0iqWhsop4weuWRW4dPIcF5x8XrMkR9alc79kTc,‡πÄ‡∏£‡∏µ‡∏¢‡∏ô‡∏ï‡πà‡∏≠‡∏≠‡∏µ‡∏™‡∏≤‡∏ô - ‡∏†‡∏≤‡∏£‡πÇ‡∏£‡∏á‡∏™‡πÄ‡∏ï‡∏ä‡∏±‡πà‡∏ô,,‡πÄ‡∏£‡∏µ‡∏¢‡∏ô‡∏ï‡πà‡∏≠‡∏≠‡∏µ‡∏™‡∏≤‡∏ô - ‡∏†‡∏≤‡∏£‡πÇ‡∏£‡∏á‡∏™‡πÄ‡∏ï‡∏ä‡∏±‡πà‡∏ô,2022-06-09,https://scontent.fkkc3-1.fna.fbcdn.net/v/t39.30808-6/285562214_538343657827317_8688054444342240266_n.jpg?stp=cp0_dst-jpg_e15_p130x130_q65&_nc_cat=104&ccb=1-7&_nc_sid=1480c5&efg=eyJpIjoidCJ9&_nc_ohc=cXimTeslKbgAX_LD5BM&_nc_ht=scontent.fkkc3-1.fna&oh=00_AT-OYvoSK8wLKAV3pL9bW-d81aLFnBfn6E5VHqvKP_hDZQ&oe=631E427D,[],,,[]
14,387298826779579,https://facebook.com/387298826779579,103108344684186,https://facebook.com/ESENEDUCATION/?rc=p&refid=18&__tn__=%7ER&paipv=0&eav=Afai8KoSv7fz4EDbvVWISvHzHs8vuW2eSu5YLfkvOZOpthdPWYBydhFTLhiYI7a6Mkc,‡πÄ‡∏£‡∏µ‡∏¢‡∏ô‡∏ï‡πà‡∏≠‡∏≠‡∏µ‡∏™‡∏≤‡∏ô - ‡∏†‡∏≤‡∏£‡πÇ‡∏£‡∏á‡∏™‡πÄ‡∏ï‡∏ä‡∏±‡πà‡∏ô,,‡πÄ‡∏£‡∏µ‡∏¢‡∏ô‡∏ï‡πà‡∏≠‡∏≠‡∏µ‡∏™‡∏≤‡∏ô - ‡∏†‡∏≤‡∏£‡πÇ‡∏£‡∏á‡∏™‡πÄ‡∏ï‡∏ä‡∏±‡πà‡∏ô,2022-06-09,https://scontent.fkkc3-1.fna.fbcdn.net/v/t39.30808-6/285546655_538343584493991_8494575410156652786_n.jpg?stp=cp0_dst-jpg_e15_p130x130_q65&_nc_cat=100&ccb=1-7&_nc_sid=1480c5&efg=eyJpIjoidCJ9&_nc_ohc=_jeoYxdKjaAAX-Y_inX&_nc_ht=scontent.fkkc3-1.fna&oh=00_AT8aHIZpD3GwiWSx4D3UPAgXsN7NeeY6Otfq8luHegOMqw&oe=631ED6E8,[],,,[]
15,387298776779584,https://facebook.com/387298776779584,103108344684186,https://facebook.com/ESENEDUCATION/?rc=p&refid=18&__tn__=%7ER&paipv=0&eav=AfYBhCU7XPm_K3XInupYkw7ntX0QnVYRN0oQ0CMTPZlNI5wIdKDPgNA-uIwe1CGLSFI,‡πÄ‡∏£‡∏µ‡∏¢‡∏ô‡∏ï‡πà‡∏≠‡∏≠‡∏µ‡∏™‡∏≤‡∏ô - ‡∏†‡∏≤‡∏£‡πÇ‡∏£‡∏á‡∏™‡πÄ‡∏ï‡∏ä‡∏±‡πà‡∏ô,,‡πÄ‡∏£‡∏µ‡∏¢‡∏ô‡∏ï‡πà‡∏≠‡∏≠‡∏µ‡∏™‡∏≤‡∏ô - ‡∏†‡∏≤‡∏£‡πÇ‡∏£‡∏á‡∏™‡πÄ‡∏ï‡∏ä‡∏±‡πà‡∏ô,2022-06-09,https://scontent.fkkc3-1.fna.fbcdn.net/v/t39.30808-6/285489291_538343517827331_6777702607905894967_n.jpg?stp=cp0_dst-jpg_e15_p130x130_q65&_nc_cat=101&ccb=1-7&_nc_sid=1480c5&efg=eyJpIjoidCJ9&_nc_ohc=L7f0M1uyWn0AX88_qk_&tn=-B_DPogsAKeJprI3&_nc_ht=scontent.fkkc3-1.fna&oh=00_AT-JKgI8zlu_T40YyrnUaXbmZ_2l7s_Q5bHcRy1vlroU9Q&oe=631F5176,[],,,[]
16,387298750112920,https://facebook.com/387298750112920,103108344684186,https://facebook.com/ESENEDUCATION/?rc=p&refid=18&__tn__=%7ER&paipv=0&eav=AfYPUcxOiIldtWdzYVXm7rFqgX71Ux1sn9rVMHsTHBSAQt2Bj22-hgecR-tlNm32ER8,‡πÄ‡∏£‡∏µ‡∏¢‡∏ô‡∏ï‡πà‡∏≠‡∏≠‡∏µ‡∏™‡∏≤‡∏ô - ‡∏†‡∏≤‡∏£‡πÇ‡∏£‡∏á‡∏™‡πÄ‡∏ï‡∏ä‡∏±‡πà‡∏ô,,‡πÄ‡∏£‡∏µ‡∏¢‡∏ô‡∏ï‡πà‡∏≠‡∏≠‡∏µ‡∏™‡∏≤‡∏ô - ‡∏†‡∏≤‡∏£‡πÇ‡∏£‡∏á‡∏™‡πÄ‡∏ï‡∏ä‡∏±‡πà‡∏ô,2022-06-09,https://scontent.fkkc3-1.fna.fbcdn.net/v/t39.30808-6/284059385_538343477827335_1058205746108768662_n.jpg?stp=cp0_dst-jpg_e15_p130x130_q65&_nc_cat=106&ccb=1-7&_nc_sid=1480c5&efg=eyJpIjoidCJ9&_nc_ohc=kK8_9r1TBtsAX-1mhb-&_nc_ht=scontent.fkkc3-1.fna&oh=00_AT9KcodRlQrwiimALkdxSE-xIfyNuDQsJvtovoCDf9zwxA&oe=631EC468,[],,,[]
17,387298706779591,https://facebook.com/387298706779591,103108344684186,https://facebook.com/ESENEDUCATION/?rc=p&refid=18&__tn__=%7ER&paipv=0&eav=AfYrEIZLSUvu8rits36MC-ErehpyLPIzQgXIh-9UxoRztUBKkzFi4Zvga1xTxyGIzc4,‡πÄ‡∏£‡∏µ‡∏¢‡∏ô‡∏ï‡πà‡∏≠‡∏≠‡∏µ‡∏™‡∏≤‡∏ô - ‡∏†‡∏≤‡∏£‡πÇ‡∏£‡∏á‡∏™‡πÄ‡∏ï‡∏ä‡∏±‡πà‡∏ô,,‡πÄ‡∏£‡∏µ‡∏¢‡∏ô‡∏ï‡πà‡∏≠‡∏≠‡∏µ‡∏™‡∏≤‡∏ô - ‡∏†‡∏≤‡∏£‡πÇ‡∏£‡∏á‡∏™‡πÄ‡∏ï‡∏ä‡∏±‡πà‡∏ô,2022-06-09,https://scontent.fkkc3-1.fna.fbcdn.net/v/t39.30808-6/285484770_538343424494007_1317074748173388966_n.jpg?stp=cp0_dst-jpg_e15_p130x130_q65&_nc_cat=110&ccb=1-7&_nc_sid=1480c5&efg=eyJpIjoidCJ9&_nc_ohc=QyWezxE4f1wAX_HbCJq&_nc_ht=scontent.fkkc3-1.fna&oh=00_AT_AnAZia7tld7CC_hL1_oZjOOLs7bL1Q7VbLSuuGnQFEQ&oe=631E86D2,[],,,[]
18,387298680112927,https://facebook.com/387298680112927,103108344684186,https://facebook.com/ESENEDUCATION/?rc=p&refid=18&__tn__=%7ER&paipv=0&eav=AfbOISVNnwRBUjwE6spo8Ot22s1iaxBLFNqYsvhgRV1bgbfJq50Vh7rV1T1FkSOGyLo,‡πÄ‡∏£‡∏µ‡∏¢‡∏ô‡∏ï‡πà‡∏≠‡∏≠‡∏µ‡∏™‡∏≤‡∏ô - ‡∏†‡∏≤‡∏£‡πÇ‡∏£‡∏á‡∏™‡πÄ‡∏ï‡∏ä‡∏±‡πà‡∏ô,,‡πÄ‡∏£‡∏µ‡∏¢‡∏ô‡∏ï‡πà‡∏≠‡∏≠‡∏µ‡∏™‡∏≤‡∏ô - ‡∏†‡∏≤‡∏£‡πÇ‡∏£‡∏á‡∏™‡πÄ‡∏ï‡∏ä‡∏±‡πà‡∏ô,2022-06-09,https://scontent.fkkc3-1.fna.fbcdn.net/v/t39.30808-6/285450724_538343357827347_4873388863120681821_n.jpg?stp=cp0_dst-jpg_e15_p130x130_q65&_nc_cat=109&ccb=1-7&_nc_sid=1480c5&efg=eyJpIjoidCJ9&_nc_ohc=ibOHFZfpf5cAX8Vtgya&_nc_ht=scontent.fkkc3-1.fna&oh=00_AT8MFQw12CknFKEX5khYPL6VZJSEDQ0i-DxcfZhdq1imtg&oe=631E8F49,[],,,[]
19,387298653446263,https://facebook.com/387298653446263,103108344684186,https://facebook.com/ESENEDUCATION/?rc=p&refid=18&__tn__=%7ER&paipv=0&eav=AfYAJu2nCsAcHo9m1ikH6agZE_yc87_1QrUq4y8znlgbWcIJDdOlw5hM2ACYXAsFRMA,‡πÄ‡∏£‡∏µ‡∏¢‡∏ô‡∏ï‡πà‡∏≠‡∏≠‡∏µ‡∏™‡∏≤‡∏ô - ‡∏†‡∏≤‡∏£‡πÇ‡∏£‡∏á‡∏™‡πÄ‡∏ï‡∏ä‡∏±‡πà‡∏ô,,‡πÄ‡∏£‡∏µ‡∏¢‡∏ô‡∏ï‡πà‡∏≠‡∏≠‡∏µ‡∏™‡∏≤‡∏ô - ‡∏†‡∏≤‡∏£‡πÇ‡∏£‡∏á‡∏™‡πÄ‡∏ï‡∏ä‡∏±‡πà‡∏ô,2022-06-09,https://scontent.fkkc3-1.fna.fbcdn.net/v/t39.30808-6/285463260_538343317827351_838668751566018830_n.jpg?stp=cp0_dst-jpg_e15_p130x130_q65&_nc_cat=104&ccb=1-7&_nc_sid=1480c5&efg=eyJpIjoidCJ9&_nc_ohc=P4heUWZPscIAX-PyG52&_nc_ht=scontent.fkkc3-1.fna&oh=00_AT_eYXpb46cYJBsbR_ygznB7nHEwtfTrsCuodn9BhqMnlg&oe=631FBDBD,[],,,[]
20,387319773444151,https://facebook.com/387319773444151,103108344684186,https://facebook.com/ESENEDUCATION/?rc=p&refid=18&__tn__=%7ER&paipv=0&eav=Afb_Hp97GmpqDs95y0utqsFb9_SsCBrPQCcojwEPou5zAFc3NGwlsezaCKD_WDGC8aw,‡πÄ‡∏£‡∏µ‡∏¢‡∏ô‡∏ï‡πà‡∏≠‡∏≠‡∏µ‡∏™‡∏≤‡∏ô - ‡∏†‡∏≤‡∏£‡πÇ‡∏£‡∏á‡∏™‡πÄ‡∏ï‡∏ä‡∏±‡πà‡∏ô,,‚ù§,2022-06-09,,[],,,[]
21,387311426778319,https://facebook.com/387311426778319,103108344684186,https://facebook.com/ESENEDUCATION/?rc=p&refid=18&__tn__=%7ER&paipv=0&eav=Afa3ewROqx5CGfc9xe7COqb4n3fk0c1DKwXZjDpFfz_DjdWq5RQlwC-MPN2psSnE3XY,‡πÄ‡∏£‡∏µ‡∏¢‡∏ô‡∏ï‡πà‡∏≠‡∏≠‡∏µ‡∏™‡∏≤‡∏ô - ‡∏†‡∏≤‡∏£‡πÇ‡∏£‡∏á‡∏™‡πÄ‡∏ï‡∏ä‡∏±‡πà‡∏ô,,‚ù§,2022-06-09,,[],,,[]
22,388657026643759,https://facebook.com/388657026643759,100009050470748,https://facebook.com/profile.php?id=100009050470748&groupid=332678448908284&eav=AfbL0t1jjXYf1p0LCIboYmgjiPfGc7Pd2sgE52EGL4SiNw2halVPyZ0RFjZbPL3yCx0&rc=p&refid=18&__tn__=R&paipv=0,Pinsuda Mungngam,,Nantakan Sabayjai,2022-06-09,,[],,,[]
23,387449416764520,https://facebook.com/387449416764520,100026247323849,https://facebook.com/profile.php?id=100026247323849&groupid=332678448908284&eav=AfbASH7ONwRaGBa5uoDH_2VP892aMSGEPxSn7PBE48C29Ev6cYQs2ZhxpRc3WPrPE7k&rc=p&refid=18&__tn__=R&paipv=0,PN Phatcharin,,Piiyaadaa NK,2022-06-09,,[],,,[]
24,387325050110290,https://facebook.com/387325050110290,100016540240442,https://facebook.com/profile.php?id=100016540240442&groupid=332678448908284&eav=AfbN-lO-h8Wcpp2qkirx-wPEnqbnMbSmOdtyR-lvsCqPI6sni9ESboTwEvSm0IqBFLw&rc=p&refid=18&__tn__=R&paipv=0,Wilaiwan Janthwong,,Wannida Meeha,2022-06-09,,[],,,[]
25,382557283920400,https://facebook.com/382557283920400,103108344684186,https://facebook.com/ESENEDUCATION/?rc=p&refid=18&__tn__=%7ER&paipv=0&eav=AfaryhZynGmfv0eajDnuqqrbxGVITb-6ZWWO3FBPEGfOe-RGRmjBhyGeD9uZxwalSTk,‡πÄ‡∏£‡∏µ‡∏¢‡∏ô‡∏ï‡πà‡∏≠‡∏≠‡∏µ‡∏™‡∏≤‡∏ô - ‡∏†‡∏≤‡∏£‡πÇ‡∏£‡∏á‡∏™‡πÄ‡∏ï‡∏ä‡∏±‡πà‡∏ô,,‡πÄ‡∏£‡∏µ‡∏¢‡∏ô‡∏ï‡πà‡∏≠‡∏≠‡∏µ‡∏™‡∏≤‡∏ô - ‡∏†‡∏≤‡∏£‡πÇ‡∏£‡∏á‡∏™‡πÄ‡∏ï‡∏ä‡∏±‡πà‡∏ô,2022-05-09,https://scontent.fkkc3-1.fna.fbcdn.net/v/t39.1997-6/851575_392309994199646_291720828_n.png?stp=cp0_dst-png_s110x80&_nc_cat=1&ccb=1-7&_nc_sid=ac3552&efg=eyJpIjoidCJ9&_nc_ohc=Ty6d9r4_M9AAX89DFYN&_nc_ht=scontent.fkkc3-1.fna&oh=00_AT8PcPTPRVa4Xya3qwKjMvTu9vthDW7nvt0kmLV53HDs5g&oe=631FDF26,[],,,[]
26,382549637254498,https://facebook.com/382549637254498,100001147087251,https://facebook.com/Beam.722?groupid=332678448908284&eav=AfZH2wj6TX-hvn_V1tn__viBvzPZcf1dlUel7r1QnnkbepJt0WoDDOKoIo89AQrlADo&rc=p&refid=18&__tn__=R&paipv=0,Namthip Thepmanee,,Namthip Thepmanee,2022-05-09,https://scontent.fkkc3-1.fna.fbcdn.net/v/t39.30808-6/283960348_5054134531301400_4184430455261856150_n.jpg?stp=cp0_dst-jpg_e15_p130x130_q65&_nc_cat=102&ccb=1-7&_nc_sid=1480c5&efg=eyJpIjoidCJ9&_nc_ohc=q-gRVqeMoQMAX-7FUH0&_nc_ht=scontent.fkkc3-1.fna&oh=00_AT_TrFZ0uMOm5-vDZV-DlcvVeoqqclDoInPJyqEOHGWCKQ&oe=631EC715,[],,,[]
27,382549717254490,https://facebook.com/382549717254490,100001147087251,https://facebook.com/Beam.722?groupid=332678448908284&eav=AfYZmR56tt2tovH0ktV9jxXqwV-czKcRWrVNk6muFJ8aHDDQXnobV4uCocAzIy3DzLo&rc=p&refid=18&__tn__=R&paipv=0,Namthip Thepmanee,,Namthip Thepmanee,2022-05-09,https://scontent.fkkc3-1.fna.fbcdn.net/v/t39.30808-6/283960385_5054134794634707_6601052754007705713_n.jpg?stp=cp0_dst-jpg_e15_p130x130_q65&_nc_cat=110&ccb=1-7&_nc_sid=1480c5&efg=eyJpIjoidCJ9&_nc_ohc=etiFliVDFfMAX906tdb&_nc_ht=scontent.fkkc3-1.fna&oh=00_AT_4hvYBUhlFu8evlBP7DztUZDE4jhH_y6NM-8SQ5zLVOA&oe=631F743F,[],,,[]
28,382549743921154,https://facebook.com/382549743921154,100001147087251,https://facebook.com/Beam.722?groupid=332678448908284&eav=AfYEsIiQkU6UuY1-lmDoVTRdwoxsKZoawny6Xb0GFVHyDWQfAA5uiRdAZSDSLiuaciE&rc=p&refid=18&__tn__=R&paipv=0,Namthip Thepmanee,,Namthip Thepmanee,2022-05-09,https://scontent.fkkc3-1.fna.fbcdn.net/v/t39.30808-6/283962598_5054134931301360_2839376846947837564_n.jpg?stp=cp0_dst-jpg_e15_p130x130_q65&_nc_cat=111&ccb=1-7&_nc_sid=1480c5&efg=eyJpIjoidCJ9&_nc_ohc=oA9IaPlBMpUAX9eJBRo&tn=-B_DPogsAKeJprI3&_nc_ht=scontent.fkkc3-1.fna&oh=00_AT8irM-RgeqM8YBOsxvdnrAXMm3G7EFm6yoD8CAGfU2hDw&oe=631E2B3C,[],,,[]
29,382550100587785,https://facebook.com/382550100587785,100001147087251,https://facebook.com/Beam.722?groupid=332678448908284&eav=AfblpSfLUTfcB-FfSTtxecaDVwkGcalX7BFCwGAfS3N8XNKvAIhVYF5WPrL_JLYUWvU&rc=p&refid=18&__tn__=R&paipv=0,Namthip Thepmanee,,Namthip Thepmanee,2022-05-09,https://scontent.fkkc3-1.fna.fbcdn.net/v/t39.30808-6/282566845_5054136604634526_6329775601457619314_n.jpg?stp=cp0_dst-jpg_e15_q65_s180x540&_nc_cat=101&ccb=1-7&_nc_sid=1480c5&efg=eyJpIjoidCJ9&_nc_ohc=Pa10ymPe8KcAX9jJTBd&tn=-B_DPogsAKeJprI3&_nc_ht=scontent.fkkc3-1.fna&oh=00_AT9tITBIqrT813jxoy0iuytL-kdbGzpqEwQGF1JZl5-M3w&oe=631E85B6,[],,,[]
30,382550057254456,https://facebook.com/382550057254456,100001147087251,https://facebook.com/Beam.722?groupid=332678448908284&eav=AfZ91YzH_VYjnCvt_iqjD4MU8b_Ya9NXCHDudX4wuMkq6sTW9OtUschSaAlJgzhA8uw&rc=p&refid=18&__tn__=R&paipv=0,Namthip Thepmanee,,Namthip Thepmanee,2022-05-09,https://scontent.fkkc3-1.fna.fbcdn.net/v/t39.30808-6/284094856_5054136341301219_2714283117074030431_n.jpg?stp=cp0_dst-jpg_e15_q65_s180x540&_nc_cat=103&ccb=1-7&_nc_sid=1480c5&efg=eyJpIjoidCJ9&_nc_ohc=MhFHkPhsyLEAX8iwmCa&_nc_ht=scontent.fkkc3-1.fna&oh=00_AT8uIU8BJPf9SetVO7xjscSPkDCYFH0c04EPshS0KpdF4w&oe=631FC82E,[],,,[]
31,382550003921128,https://facebook.com/382550003921128,100001147087251,https://facebook.com/Beam.722?groupid=332678448908284&eav=AfZPq96W02lpOgQtTRHRtlMxzP9XDGOfwkr-jN3yqA3VmfxPSDe_vDaI8nyclvOloAA&rc=p&refid=18&__tn__=R&paipv=0,Namthip Thepmanee,,Namthip Thepmanee,2022-05-09,https://scontent.fkkc3-1.fna.fbcdn.net/v/t39.30808-6/281843612_5054136134634573_4044757363473782532_n.jpg?stp=cp0_dst-jpg_e15_q65_s180x540&_nc_cat=104&ccb=1-7&_nc_sid=1480c5&efg=eyJpIjoidCJ9&_nc_ohc=c5UIIxIz-isAX9Zdc5D&_nc_ht=scontent.fkkc3-1.fna&oh=00_AT_wTTKD3XRgYREbsu_bscex7y0SWw0CHfuBvmD3iFZJ4w&oe=632005D5,[],,,[]
32,382549973921131,https://facebook.com/382549973921131,100001147087251,https://facebook.com/Beam.722?groupid=332678448908284&eav=AfZZ2TmshQwwwxI9PS2oO1sYEIp8X0DaA6lc9IvxjW_UXjBZ-2s_k1hFjevYM9rxTuQ&rc=p&refid=18&__tn__=R&paipv=0,Namthip Thepmanee,,Namthip Thepmanee,2022-05-09,https://scontent.fkkc3-1.fna.fbcdn.net/v/t39.30808-6/283995640_5054136017967918_2334867535343926951_n.jpg?stp=cp0_dst-jpg_e15_q65_s180x540&_nc_cat=108&ccb=1-7&_nc_sid=1480c5&efg=eyJpIjoidCJ9&_nc_ohc=wUzPqrdRbG0AX-Io0jl&_nc_ht=scontent.fkkc3-1.fna&oh=00_AT9VkDb8PfuKXew45PXp8m0pWRzwAWAIMVt40UXhztkNlA&oe=631ED1C3,[],,,[]
33,382549920587803,https://facebook.com/382549920587803,100001147087251,https://facebook.com/Beam.722?groupid=332678448908284&eav=AfasLqGuXjN1kOdUpfISjNSd8XZsoSbP1QCcsG7AzLA2MUmP08shbz5nk2Ischutn1w&rc=p&refid=18&__tn__=R&paipv=0,Namthip Thepmanee,,Namthip Thepmanee,2022-05-09,https://scontent.fkkc3-1.fna.fbcdn.net/v/t39.30808-6/284011753_5054135801301273_4734392141947968864_n.jpg?stp=cp0_dst-jpg_e15_q65_s180x540&_nc_cat=107&ccb=1-7&_nc_sid=1480c5&efg=eyJpIjoidCJ9&_nc_ohc=6TYuXMUqo-kAX_2pyZP&_nc_ht=scontent.fkkc3-1.fna&oh=00_AT8JBZVK60EuC4-5pRUt_fUb5E79XnsJ66clvGxDOrH7BQ&oe=631F8A26,[],,,[]
34,382549887254473,https://facebook.com/382549887254473,100001147087251,https://facebook.com/Beam.722?groupid=332678448908284&eav=AfYUM-WaY0nhVsmW04758ofWZ3hXXUuYSEiRTKiizuMz3IFgtB0pdet_P6vTbEyL7iM&rc=p&refid=18&__tn__=R&paipv=0,Namthip Thepmanee,,Namthip Thepmanee,2022-05-09,https://scontent.fkkc3-1.fna.fbcdn.net/v/t39.30808-6/283806972_5054135697967950_221863853731527952_n.jpg?stp=cp0_dst-jpg_e15_p130x130_q65&_nc_cat=109&ccb=1-7&_nc_sid=1480c5&efg=eyJpIjoidCJ9&_nc_ohc=wm5dVQa42TkAX_rdAGk&tn=-B_DPogsAKeJprI3&_nc_ht=scontent.fkkc3-1.fna&oh=00_AT-\-\sSSWyO3FeryV_nf2xjfGz6kn0M2Zo3RwHnZhkjGhwA&oe=631EB800,[],,,[]
35,382549860587809,https://facebook.com/382549860587809,100001147087251,https://facebook.com/Beam.722?groupid=332678448908284&eav=AfZwq5I-253Fmeh_-NrMeFB-wqmZz9ivre9MVP44pz0AvcIIb5rrKIzQrrtd7Lsz_WA&rc=p&refid=18&__tn__=R&paipv=0,Namthip Thepmanee,,Namthip Thepmanee,2022-05-09,https://scontent.fkkc3-1.fna.fbcdn.net/v/t39.30808-6/284089481_5054135544634632_4624608938831084630_n.jpg?stp=cp0_dst-jpg_e15_p130x130_q65&_nc_cat=104&ccb=1-7&_nc_sid=1480c5&efg=eyJpIjoidCJ9&_nc_ohc=W6iPyV0KhBIAX9mOs7j&tn=-B_DPogsAKeJprI3&_nc_ht=scontent.fkkc3-1.fna&oh=00_AT-kcvgZG1UBTvkQie5SSRGm9ar1VC5xYaaRAIorf5gTrw&oe=631FBE2B,[],,,[]
36,382549840587811,https://facebook.com/382549840587811,100001147087251,https://facebook.com/Beam.722?groupid=332678448908284&eav=AfaFzHA3aAsylluKOaUa9dVy27pkYH7_MCvDM_etPhPT2ifps7gSQRiKYMpm6kOQxiE&rc=p&refid=18&__tn__=R&paipv=0,Namthip Thepmanee,,Namthip Thepmanee,2022-05-09,https://scontent.fkkc3-1.fna.fbcdn.net/v/t39.1997-6/47270791_937342239796388_4222599360510164992_n.png?stp=cp0_dst-png_s110x80&_nc_cat=1&ccb=1-7&_nc_sid=ac3552&efg=eyJpIjoidCJ9&_nc_ohc=z3okV-Y4oc0AX_lyDop&_nc_ht=scontent.fkkc3-1.fna&oh=00_AT-2jQAVcjM4pAS8qid248DPptHy8bn5BuxudHoEIjDmHg&oe=631EBAB2,[],,,[]
37,382549833921145,https://facebook.com/382549833921145,100001147087251,https://facebook.com/Beam.722?groupid=332678448908284&eav=AfaFSWgocRA5f-GsqnTd9909cA_az6Aqjg1ML7bf9gmq2y2fHjaVGNKV-tm3vBbBLXU&rc=p&refid=18&__tn__=R&paipv=0,Namthip Thepmanee,,Namthip Thepmanee,2022-05-09,https://scontent.fkkc3-1.fna.fbcdn.net/v/t39.30808-6/283743114_5054135394634647_3268642991766831762_n.jpg?stp=cp0_dst-jpg_e15_p130x130_q65&_nc_cat=110&ccb=1-7&_nc_sid=1480c5&efg=eyJpIjoidCJ9&_nc_ohc=I1Hrar47yQ8AX-WFRen&tn=-B_DPogsAKeJprI3&_nc_ht=scontent.fkkc3-1.fna&oh=00_AT99p6zw3gzmmx5Wf9xfgJ37bD-3uYDhHtwdJ4JaYivYTg&oe=631F5D48,[],,,[]
38,382549800587815,https://facebook.com/382549800587815,100001147087251,https://facebook.com/Beam.722?groupid=332678448908284&eav=AfY-OrNtxR06fBu3aVXrVCUwfoeMvlV15tQesiF0mg-zaZtGd1Di9d9URpzis2BfAAI&rc=p&refid=18&__tn__=R&paipv=0,Namthip Thepmanee,,Namthip Thepmanee,2022-05-09,https://scontent.fkkc3-1.fna.fbcdn.net/v/t39.30808-6/284035727_5054135271301326_6239605959655432207_n.jpg?stp=cp0_dst-jpg_e15_p130x130_q65&_nc_cat=100&ccb=1-7&_nc_sid=1480c5&efg=eyJpIjoidCJ9&_nc_ohc=R7DoEFf0P7IAX8TQLql&_nc_ht=scontent.fkkc3-1.fna&oh=00_AT842R_VnpiXqXuiyEJWOkEnZ7IM1U5RLRzQlKzDMTIIyg&oe=631E7508,[],,,[]
39,382549770587818,https://facebook.com/382549770587818,100001147087251,https://facebook.com/Beam.722?groupid=332678448908284&eav=AfYz29i72wLbr8w-dYdsmjenAZkmkJVUuRInl_tCBORD-iU4pdbOxzJ3_jNvDidtOpc&rc=p&refid=18&__tn__=R&paipv=0,Namthip Thepmanee,,Namthip Thepmanee,2022-05-09,https://scontent.fkkc3-1.fna.fbcdn.net/v/t39.30808-6/282651131_5054135097968010_597273413698703671_n.jpg?stp=cp0_dst-jpg_e15_p130x130_q65&_nc_cat=101&ccb=1-7&_nc_sid=1480c5&efg=eyJpIjoidCJ9&_nc_ohc=bR99AquWneMAX-agizN&_nc_ht=scontent.fkkc3-1.fna&oh=00_AT-\-_JiINCqZ20wXeYWO34sYb_5Ut4vW2tvpTo-jv6I0A&oe=631E4E1F,[],,,[]
40,382549693921159,https://facebook.com/382549693921159,100001147087251,https://facebook.com/Beam.722?groupid=332678448908284&eav=AfaYoRjfc2G6Bs5qZkxklHrMFo_A0GQ0C8YcuxwlIFhnF4JzngFr18i7bW9G9sQAxJw&rc=p&refid=18&__tn__=R&paipv=0,Namthip Thepmanee,,Namthip Thepmanee,2022-05-09,https://scontent.fkkc3-1.fna.fbcdn.net/v/t39.30808-6/284047509_5054134664634720_7306523375780423842_n.jpg?stp=cp0_dst-jpg_e15_p130x130_q65&_nc_cat=106&ccb=1-7&_nc_sid=1480c5&efg=eyJpIjoidCJ9&_nc_ohc=Cbub60dzaeUAX8Vb_32&_nc_ht=scontent.fkkc3-1.fna&oh=00_AT_Xi41JeQ9a4xBspTZF220Gb_yG8aHql-loJF8KBvqTXw&oe=631EF2BE,[],,,[]
41,382957870547008,https://facebook.com/382957870547008,100027817391922,https://facebook.com/jitwimon.phosn?groupid=332678448908284&eav=AfY0WaKfL0XYd93lY8pwiRE4Tcr1xjAxVTfUzVYgCe0kAKPC3MQm9RlF-_9AbJSEzQU&rc=p&refid=18&__tn__=R&paipv=0,Jitwimon Phosn,,‡∏™‡∏≤‡∏° ‡∏Å‡∏±‡∏ô‡∏¢‡∏≤'‡∏≤‡∏Ø.,2022-05-09,,[],,,[]
42,382982263877902,https://facebook.com/382982263877902,100024609637669,https://facebook.com/profile.php?id=100024609637669&groupid=332678448908284&eav=AfajdWRysp1Yci_h4xTfXjgs3qI7wPris4DpV0G4wNPhU3ew_3w_132iB0bCzT3gHkQ&rc=p&refid=18&__tn__=R&paipv=0,Nattida Srisap,,‡∏°‡∏∞‡∏õ‡∏£‡∏≤‡∏á,2022-05-09,https://scontent.fkkc3-1.fna.fbcdn.net/m1/v/t6/An-SJYN61eefFdoaV8pa0G_5_APCa0prZaqkZGXpCFeUCLCg89UPOqSkSZxJkLy0hAKKpUIPEB91mo9yBBfcAqcwmpEu5jN_jmJufFtJoVJCUklu.png?ccb=10-5&oh=00_AT8JAblfjxV8QGXN_kNOG-BlrWylWGfnoTiwlRcw57n8VA&oe=631EEEDF&_nc_sid=55e238,[],,,[]
43,382601720582623,https://facebook.com/382601720582623,100018595539601,https://facebook.com/pnj.plang?groupid=332678448908284&eav=AfaeT35ZLMlOFGh0sGACduoMJOeAwHo1pGCYG73H4fRJvy2ywP_2gSC4mG63Jvj2J14&rc=p&refid=18&__tn__=R&paipv=0,‡∏û‡∏∞ ‡πÄ‡∏û‡∏•‡∏á.,,Prem Homwong,2022-05-09,https://scontent.fkkc3-1.fna.fbcdn.net/m1/v/t6/An-SJYN61eefFdoaV8pa0G_5_APCa0prZaqkZGXpCFeUCLCg89UPOqSkSZxJkLy0hAKKpUIPEB91mo9yBBfcAqcwmpEu5jN_jmJufFtJoVJCUklu.png?ccb=10-5&oh=00_AT8JAblfjxV8QGXN_kNOG-BlrWylWGfnoTiwlRcw57n8VA&oe=631EEEDF&_nc_sid=55e238,[],,,[]
44,1784669335060832,https://facebook.com/1784669335060832,100004883106469,https://facebook.com/jameswarut?groupid=209765519217896&eav=Afa2ieeFwR8SEMbFB6B6445RMD1aGsJ9x-IyhJIYcJRw05Ev8rZfBQLdIVTNQTvilbw&refid=18&__tn__=R&paipv=0,Jamie Zhao,,‡∏ã‡∏∑‡∏≠ ‡∏≠‡∏µ‡πâ,2022-02-09,https://scontent.fkkc3-1.fna.fbcdn.net/m1/v/t6/An-SJYN61eefFdoaV8pa0G_5_APCa0prZaqkZGXpCFeUCLCg89UPOqSkSZxJkLy0hAKKpUIPEB91mo9yBBfcAqcwmpEu5jN_jmJufFtJoVJCUklu.png?ccb=10-5&oh=00_AT8JAblfjxV8QGXN_kNOG-BlrWylWGfnoTiwlRcw57n8VA&oe=631EEEDF&_nc_sid=55e238,[],,,[]
45,1784695601724872,https://facebook.com/1784695601724872,100000643819700,https://facebook.com/tompreedee?groupid=209765519217896&eav=AfbIxEVPveWgG3wOlQcYxKs8Z9Y50xA7-\-\uJcPqnLmcVCm3EZGB_qu30B8PrU3GDnRU&refid=18&__tn__=R&paipv=0,Preedee Sritakul,,"‡∏™‡∏≠‡∏ö‡∏ñ‡∏≤‡∏°‡πÉ‡∏ô‡∏™‡πà‡∏ß‡∏ô‡∏Ç‡∏≠‡∏á
‡∏®‡∏¥‡∏©‡∏¢‡πå‡πÄ‡∏Å‡πà‡∏≤ ‡∏™‡∏≤‡∏°‡∏≤‡∏£‡∏ñ‡πÉ‡∏ä‡πâ‡∏á‡∏≤‡∏ô‡πÉ‡∏ô‡∏™
‡πà‡∏ß‡∏ô‡πÑ‡∏´‡∏ô‡πÑ‡∏î‡πâ‡∏ö‡πâ‡∏≤‡∏á‡∏Ñ‡∏£
‡∏±‡∏ö",2022-02-09,https://scontent.fkkc3-1.fna.fbcdn.net/m1/v/t6/An_UvxJXg9tdnLU3Y5qjPi0200MLilhzPXUgxzGjQzUMaNcmjdZA6anyrngvkdub33NZzZhd51fpCAEzNHFhko5aKRFP5fS1w_lKwYrzcNLupv27.png?ccb=10-5&oh=00_AT8b9AGAvxZ0Su1WPhqPfpw1u-9DJq05gUxdZy5smnbkpg&oe=631F92B9&_nc_sid=55e238,[],,,<generator object PostExtractor.extract_comment_replies at 0x000001E7CD29F350>
46,1784950575032708,https://facebook.com/1784950575032708,1408658544,https://facebook.com/punyadini?groupid=209765519217896&eav=AfY0fz92hH_Yn0uAOXtJ70eUe8rjhGNxqiX2Z9BKJHLCb9Y91AKprsoozE3srEIMKSA&refid=18&__tn__=R&paipv=0,Dini Wulansari,,Badri Badri,2022-02-09,,[],,,[]
47,1785023371692095,https://facebook.com/1785023371692095,100000937230575,https://facebook.com/sirisak.laochankham?groupid=209765519217896&eav=AfaP6tkqbms7wfHNlilcCLpjfen2LXrNZJAI6uu0Is6qQ_kycERjJa1EQ76lAaJV-HY&refid=18&__tn__=R&paipv=0,Sirisak Laochankham,,"Nattapong Wattanabut ‡∏≠‡∏±‡∏û‡πÄ‡∏î‡∏ó‡∏Ç‡∏≠‡∏á‡πÄ‡∏£‡∏≤‡∏î‡πâ‡∏ß
‡∏¢‡∏ô‡∏∞‡∏Ñ‡∏£‡∏±‡∏ö",2022-02-09,,[],,,[]
48,1785219785005787,https://facebook.com/1785219785005787,100002489482698,https://facebook.com/wiparwee.ammarttat?groupid=209765519217896&eav=AfYTeQ4-tAiRypKayVT_1RpZNUe2jlkeSK9P0hKVdztw04CEgeauAY_l3r4KGnQr6Gk&refid=18&__tn__=R&paipv=0,Wiparwee Ammarttat,,"‡∏®‡∏¥‡∏©‡∏¢‡πå‡πÄ‡∏Å‡πà‡∏≤‡∏™‡∏≤‡∏°‡∏≤‡∏£‡∏ñ
‡πÉ‡∏ä‡πâ Illustrator ‡πÉ‡∏ô ipad ‡πÑ‡∏î‡πâ‡∏°‡∏±‡πâ‡∏¢‡∏Ñ‡∏∞",2022-02-09,,[],,,<generator object PostExtractor.extract_comment_replies at 0x000001E7CD1EBD60>
49,1785351471659285,https://facebook.com/1785351471659285,100003505010674,https://facebook.com/b.kongsook?groupid=209765519217896&eav=AfZNGSvtI_tkI9GmKE1p_dcjcrad-VV_KR7AMdlUTZsGF2VPVV7NPfMPwUJb-yAR3w8&refid=18&__tn__=R&paipv=0,Boonsong Kongsook,,"‡∏≠‡∏¢‡∏≤‡∏Å‡πÉ‡∏ä‡πâ Premier pro ‡πÅ‡∏ï‡πà‡∏¢‡∏±‡∏á‡πÑ‡∏°‡πà‡πÄ‡∏Ñ‡∏¢‡∏•‡∏≠‡∏á
‡∏¢‡∏∑‡∏°‡πÄ‡∏•‡∏¢‡∏Ñ‡∏£‡∏±‡∏ö",2022-02-09,https://scontent.fkkc3-1.fna.fbcdn.net/m1/v/t6/An_UvxJXg9tdnLU3Y5qjPi0200MLilhzPXUgxzGjQzUMaNcmjdZA6anyrngvkdub33NZzZhd51fpCAEzNHFhko5aKRFP5fS1w_lKwYrzcNLupv27.png?ccb=10-5&oh=00_AT8b9AGAvxZ0Su1WPhqPfpw1u-9DJq05gUxdZy5smnbkpg&oe=631F92B9&_nc_sid=55e238,[],,,<generator object PostExtractor.extract_comment_replies at 0x000001E7CCE19200>
50,1785501391644293,https://facebook.com/1785501391644293,100005183461672,https://facebook.com/chayoot.homdee?groupid=209765519217896&eav=AfZYoH3yX6tpys7qBOD95oNcFo2k9R1I-grLLgNVUSSUUwH_Ix93_NcRzq-0qD48wcw&refid=18&__tn__=R&paipv=0,Chayoot Homdee,,"‡∏ô‡∏®‡∏ó‡∏µ‡πà‡∏à‡∏ö‡πÑ‡∏õ‡πÅ‡∏•‡πâ‡∏ß‡πÉ‡∏ä
‡πâ‡πÑ‡∏°‡πà‡πÑ‡∏î‡πâ‡πÉ‡∏ä‡πà‡πÑ‡∏´‡∏°‡∏Ñ‡∏£
‡∏±‡∏ö ‡∏´‡∏£‡∏∑‡∏≠‡πÉ‡∏ä‡πâ‡πÑ‡∏î‡πâ‡∏ö‡∏≤‡∏á‡πÅ‡∏≠
‡∏û",2022-02-09,,[],,,<generator object PostExtractor.extract_comment_replies at 0x000001E7CCE19A50>
51,1797805790413853,https://facebook.com/1797805790413853,100000162884941,https://facebook.com/teammysquad?groupid=209765519217896&eav=AfabznyavADXEeWr1YG7p422MnS8k47GY2D6oB0K-E2gzLUSxQvEh1_hrywP6M-i7QM&refid=18&__tn__=R&paipv=0,Teerapat Kotpatjim,,"‡∏Ç‡∏≠‡∏≠‡∏ô‡∏∏‡∏ç‡∏≤‡∏ï ‡∏™‡∏≠‡∏ö‡∏ñ‡∏≤‡∏°‡∏Ñ‡∏£‡∏±‡∏ö‡∏ú‡∏°‡πÄ‡∏õ‡πá
‡∏ô ‡∏ô‡∏® ‡∏õ‡∏±‡∏à‡∏à‡∏∏‡∏ö‡∏±‡∏ô‡πÅ‡∏ï‡πà‡∏ó‡∏≥‡πÑ‡∏°
‡πÇ‡∏î‡∏ô remove access ‡∏ñ‡∏µ‡πà‡∏à‡∏±‡∏á‡πÄ‡∏•‡∏¢‡∏Ñ‡∏£‡∏±‡∏ö‡πÉ‡∏ô
‡∏´‡∏ô‡∏∂‡πà‡∏á‡∏ß‡∏±‡∏ô",2022-03-09,https://scontent.fkkc3-1.fna.fbcdn.net/v/t39.30808-6/274906321_5695508810464492_2441720483626482947_n.jpg?stp=cp0_dst-jpg_e15_q65_s206x206&_nc_cat=101&ccb=1-7&_nc_sid=1480c5&efg=eyJpIjoidCJ9&_nc_ohc=BQWnELqety8AX9Cb1mG&_nc_ht=scontent.fkkc3-1.fna&oh=00_AT9qvmxl_YLc78jH8q1LFnBbJwOfjRciiDL9Szgb3fcaTg&oe=631FEE47,[],,,<generator object PostExtractor.extract_comment_replies at 0x000001E7CCE19820>
52,378321427677319,https://facebook.com/378321427677319,100030565721716,https://facebook.com/profile.php?id=100030565721716&groupid=332678448908284&eav=AfYb_q0ARUfFYnoHFfS12zaTT4DXoVz6S9pz9AqHJt-wYbnBsFBFlQaegITkiyzVRU0&rc=p&refid=18&__tn__=R&paipv=0,Thanaporn Leksiri,,‡∏ó‡∏±‡∏Å‡∏©‡∏¥‡∏ì‡∏à‡πâ‡∏≤,2022-05-09,,[],,,[]
53,378290754347053,https://facebook.com/378290754347053,107313014886240,https://facebook.com/‡πÄ‡∏£‡∏µ‡∏¢‡∏ô‡∏ï‡πà‡∏≠‡∏õ‡∏£‡∏∞‡πÄ‡∏ó‡∏®‡πÑ‡∏ó‡∏¢-107313014886240/?rc=p&refid=18&__tn__=%7ER&paipv=0&eav=AfY9WjCg2H983q9C92mDQ3ukHAwT9-KPrnWXBPA5RN_FeNj2AXU81sklWgRfyeSOsVI,‡πÄ‡∏£‡∏µ‡∏¢‡∏ô‡∏ï‡πà‡∏≠‡∏õ‡∏£‡∏∞‡πÄ‡∏ó‡∏®‡πÑ‡∏ó‡∏¢,,‡πÄ‡∏£‡∏µ‡∏¢‡∏ô‡∏ï‡πà‡∏≠‡∏õ‡∏£‡∏∞‡πÄ‡∏ó‡∏®‡πÑ‡∏ó‡∏¢,2022-05-09,https://scontent.fkkc3-1.fna.fbcdn.net/v/t39.1997-6/851575_392309994199646_291720828_n.png?stp=cp0_dst-png_s110x80&_nc_cat=1&ccb=1-7&_nc_sid=ac3552&efg=eyJpIjoidCJ9&_nc_ohc=Ty6d9r4_M9AAX89DFYN&_nc_ht=scontent.fkkc3-1.fna&oh=00_AT8PcPTPRVa4Xya3qwKjMvTu9vthDW7nvt0kmLV53HDs5g&oe=631FDF26,[],,,[]
54,378291114347017,https://facebook.com/378291114347017,103108344684186,https://facebook.com/ESENEDUCATION/?rc=p&refid=18&__tn__=%7ER&paipv=0&eav=Afb0AIAPf_kBW_QJXWEyhSm9h6aGI6VD_zJS_lobRO_XmXZhzulM4WR0KMGqtGCmPeg,‡πÄ‡∏£‡∏µ‡∏¢‡∏ô‡∏ï‡πà‡∏≠‡∏≠‡∏µ‡∏™‡∏≤‡∏ô - ‡∏†‡∏≤‡∏£‡πÇ‡∏£‡∏á‡∏™‡πÄ‡∏ï‡∏ä‡∏±‡πà‡∏ô,,‡πÄ‡∏£‡∏µ‡∏¢‡∏ô‡∏ï‡πà‡∏≠‡∏≠‡∏µ‡∏™‡∏≤‡∏ô - ‡∏†‡∏≤‡∏£‡πÇ‡∏£‡∏á‡∏™‡πÄ‡∏ï‡∏ä‡∏±‡πà‡∏ô,2022-05-09,https://scontent.fkkc3-1.fna.fbcdn.net/v/t39.30808-6/282107921_529443035384046_8905092204469771664_n.jpg?stp=cp0_dst-jpg_e15_q65_s180x540&_nc_cat=111&ccb=1-7&_nc_sid=1480c5&efg=eyJpIjoidCJ9&_nc_ohc=xZpfeZfzVrUAX8PINaQ&_nc_oc=AQnP1eL7J986tPHgWkUL2OOGLmHv1Ya3oAimYZSeq59n95BV-p3zzMkCJNIH6hOEtkU&_nc_ht=scontent.fkkc3-1.fna&oh=00_AT8wee5B2YxZ34XtFh-n35tYMZ_U6AKc822lbX5LZQai6w&oe=631F538A,[],,,[]
55,378291144347014,https://facebook.com/378291144347014,103108344684186,https://facebook.com/ESENEDUCATION/?rc=p&refid=18&__tn__=%7ER&paipv=0&eav=AfZojCSuIDMxbXpVuDrcmy9KVcoKEtnEJBsJFJvngVF3zwb8xezasONaB3yZCccm170,‡πÄ‡∏£‡∏µ‡∏¢‡∏ô‡∏ï‡πà‡∏≠‡∏≠‡∏µ‡∏™‡∏≤‡∏ô - ‡∏†‡∏≤‡∏£‡πÇ‡∏£‡∏á‡∏™‡πÄ‡∏ï‡∏ä‡∏±‡πà‡∏ô,,‡πÄ‡∏£‡∏µ‡∏¢‡∏ô‡∏ï‡πà‡∏≠‡∏≠‡∏µ‡∏™‡∏≤‡∏ô - ‡∏†‡∏≤‡∏£‡πÇ‡∏£‡∏á‡∏™‡πÄ‡∏ï‡∏ä‡∏±‡πà‡∏ô,2022-05-09,https://scontent.fkkc3-1.fna.fbcdn.net/v/t39.30808-6/282377761_529443068717376_2514291294228544298_n.jpg?stp=cp0_dst-jpg_e15_q65_s180x540&_nc_cat=106&ccb=1-7&_nc_sid=1480c5&efg=eyJpIjoidCJ9&_nc_ohc=kN_P6mjzC9cAX_ARWXy&_nc_ht=scontent.fkkc3-1.fna&oh=00_AT8P8ECdnO0EdLhyjDk1PMhDRfKMHUaaYsXw8SNL0ckitQ&oe=631E9893,[],,,[]
56,378291161013679,https://facebook.com/378291161013679,103108344684186,https://facebook.com/ESENEDUCATION/?rc=p&refid=18&__tn__=%7ER&paipv=0&eav=AfZGVzJTuR3URIpUKPQZ_GVuWWAnLa_LblcXqBkPwYXK-x0gtMz7OWtV9fmm2lPK-fI,‡πÄ‡∏£‡∏µ‡∏¢‡∏ô‡∏ï‡πà‡∏≠‡∏≠‡∏µ‡∏™‡∏≤‡∏ô - ‡∏†‡∏≤‡∏£‡πÇ‡∏£‡∏á‡∏™‡πÄ‡∏ï‡∏ä‡∏±‡πà‡∏ô,,‡πÄ‡∏£‡∏µ‡∏¢‡∏ô‡∏ï‡πà‡∏≠‡∏≠‡∏µ‡∏™‡∏≤‡∏ô - ‡∏†‡∏≤‡∏£‡πÇ‡∏£‡∏á‡∏™‡πÄ‡∏ï‡∏ä‡∏±‡πà‡∏ô,2022-05-09,https://scontent.fkkc3-1.fna.fbcdn.net/v/t39.30808-6/282558181_529443112050705_2399551206476415687_n.jpg?stp=cp0_dst-jpg_e15_q65_s180x540&_nc_cat=104&ccb=1-7&_nc_sid=1480c5&efg=eyJpIjoidCJ9&_nc_ohc=pCnNrdVOG9YAX8k_CmL&_nc_oc=AQkAXzVBW1vhm2O5sJ1QjioxE_4l3xbysTJR8qJUPLaFGqmG-YZ56jgwp3eKfwFaySc&_nc_ht=scontent.fkkc3-1.fna&oh=00_AT-IdBtDid8pTD5F-TBQVyiX7c2GC7pdUVorx7nu5RG4qw&oe=631F3625,[],,,[]
57,378291361013659,https://facebook.com/378291361013659,103108344684186,https://facebook.com/ESENEDUCATION/?rc=p&refid=18&__tn__=%7ER&paipv=0&eav=AfaTvxp7fXl6tSD68aWxhAJuh9JqSBPWavPE7dL0DPpHktsK7miByDlgKOSkGCvHMgc,‡πÄ‡∏£‡∏µ‡∏¢‡∏ô‡∏ï‡πà‡∏≠‡∏≠‡∏µ‡∏™‡∏≤‡∏ô - ‡∏†‡∏≤‡∏£‡πÇ‡∏£‡∏á‡∏™‡πÄ‡∏ï‡∏ä‡∏±‡πà‡∏ô,,‡πÄ‡∏£‡∏µ‡∏¢‡∏ô‡∏ï‡πà‡∏≠‡∏≠‡∏µ‡∏™‡∏≤‡∏ô - ‡∏†‡∏≤‡∏£‡πÇ‡∏£‡∏á‡∏™‡πÄ‡∏ï‡∏ä‡∏±‡πà‡∏ô,2022-05-09,https://scontent.fkkc3-1.fna.fbcdn.net/v/t39.30808-6/282281675_529443558717327_1120335739807203597_n.jpg?stp=cp0_dst-jpg_e15_p130x130_q65&_nc_cat=102&ccb=1-7&_nc_sid=1480c5&efg=eyJpIjoidCJ9&_nc_ohc=0NVcsPhFnSAAX-MlzYI&_nc_ht=scontent.fkkc3-1.fna&oh=00_AT_g2L4CP4fVRpqbMXxN4Vd2sO8qUQoxFaNJHGWHMZeJnw&oe=631F8361,[],,,[]
58,378291341013661,https://facebook.com/378291341013661,103108344684186,https://facebook.com/ESENEDUCATION/?rc=p&refid=18&__tn__=%7ER&paipv=0&eav=AfbAOCf5o2RbZoyRHThNh3_0vJahil_4mj6Z_S6vbPFseOfOQbThjM_GMxfORkvEYUQ,‡πÄ‡∏£‡∏µ‡∏¢‡∏ô‡∏ï‡πà‡∏≠‡∏≠‡∏µ‡∏™‡∏≤‡∏ô - ‡∏†‡∏≤‡∏£‡πÇ‡∏£‡∏á‡∏™‡πÄ‡∏ï‡∏ä‡∏±‡πà‡∏ô,,‡πÄ‡∏£‡∏µ‡∏¢‡∏ô‡∏ï‡πà‡∏≠‡∏≠‡∏µ‡∏™‡∏≤‡∏ô - ‡∏†‡∏≤‡∏£‡πÇ‡∏£‡∏á‡∏™‡πÄ‡∏ï‡∏ä‡∏±‡πà‡∏ô,2022-05-09,https://scontent.fkkc3-1.fna.fbcdn.net/v/t39.30808-6/282011836_529443525383997_1921512827528574477_n.jpg?stp=cp0_dst-jpg_e15_p130x130_q65&_nc_cat=109&ccb=1-7&_nc_sid=1480c5&efg=eyJpIjoidCJ9&_nc_ohc=pVYOegyFkwMAX8ena8W&_nc_ht=scontent.fkkc3-1.fna&oh=00_AT-o2YcU0XV0Zt8OxuadGqHZTxvwpHfudztovNnXi_iWlQ&oe=631EAEA3,[],,,[]
59,378291327680329,https://facebook.com/378291327680329,103108344684186,https://facebook.com/ESENEDUCATION/?rc=p&refid=18&__tn__=%7ER&paipv=0&eav=AfYg2flTSMlm8ly3KTVywpaJvGS7ouMBX__IROaGx57aF_XSw4QtbRgXVoVFbMo2iDY,‡πÄ‡∏£‡∏µ‡∏¢‡∏ô‡∏ï‡πà‡∏≠‡∏≠‡∏µ‡∏™‡∏≤‡∏ô - ‡∏†‡∏≤‡∏£‡πÇ‡∏£‡∏á‡∏™‡πÄ‡∏ï‡∏ä‡∏±‡πà‡∏ô,,‡πÄ‡∏£‡∏µ‡∏¢‡∏ô‡∏ï‡πà‡∏≠‡∏≠‡∏µ‡∏™‡∏≤‡∏ô - ‡∏†‡∏≤‡∏£‡πÇ‡∏£‡∏á‡∏™‡πÄ‡∏ï‡∏ä‡∏±‡πà‡∏ô,2022-05-09,https://scontent.fkkc3-1.fna.fbcdn.net/v/t39.30808-6/280539516_529443468717336_6561963019729227059_n.jpg?stp=cp0_dst-jpg_e15_p130x130_q65&_nc_cat=107&ccb=1-7&_nc_sid=1480c5&efg=eyJpIjoidCJ9&_nc_ohc=Vt20VbQWSBIAX9LPG78&_nc_ht=scontent.fkkc3-1.fna&oh=00_AT-sSAipXuWkXyJy8pF7-Y3wbXt_UbDQ1wedrpk6wrChWA&oe=631EF7F1,[],,,[]
60,378291311013664,https://facebook.com/378291311013664,103108344684186,https://facebook.com/ESENEDUCATION/?rc=p&refid=18&__tn__=%7ER&paipv=0&eav=AfYxsnGMqGASfpBKa03rn8aITWDRJ5RG4ovy_QJ_HXiGTbNWkZts14bYe4qvl0cUOR4,‡πÄ‡∏£‡∏µ‡∏¢‡∏ô‡∏ï‡πà‡∏≠‡∏≠‡∏µ‡∏™‡∏≤‡∏ô - ‡∏†‡∏≤‡∏£‡πÇ‡∏£‡∏á‡∏™‡πÄ‡∏ï‡∏ä‡∏±‡πà‡∏ô,,‡πÄ‡∏£‡∏µ‡∏¢‡∏ô‡∏ï‡πà‡∏≠‡∏≠‡∏µ‡∏™‡∏≤‡∏ô - ‡∏†‡∏≤‡∏£‡πÇ‡∏£‡∏á‡∏™‡πÄ‡∏ï‡∏ä‡∏±‡πà‡∏ô,2022-05-09,https://scontent.fkkc3-1.fna.fbcdn.net/v/t39.30808-6/282551579_529443418717341_344147150024438548_n.jpg?stp=cp0_dst-jpg_e15_p130x130_q65&_nc_cat=101&ccb=1-7&_nc_sid=1480c5&efg=eyJpIjoidCJ9&_nc_ohc=LnWlgKNgW1sAX-PEa6f&_nc_ht=scontent.fkkc3-1.fna&oh=00_AT-qwjgENgBQvQTECGqifHSMd0K2oay4H85gn4cjsTaD9w&oe=631FD627,[],,,[]
61,378291281013667,https://facebook.com/378291281013667,103108344684186,https://facebook.com/ESENEDUCATION/?rc=p&refid=18&__tn__=%7ER&paipv=0&eav=AfZtNEqN0mEt0jRUNwNw4Q8M83xcH5gGh_Ru6TYFhiIcvuszXuJn3mRrrpQZ9J_Zk9o,‡πÄ‡∏£‡∏µ‡∏¢‡∏ô‡∏ï‡πà‡∏≠‡∏≠‡∏µ‡∏™‡∏≤‡∏ô - ‡∏†‡∏≤‡∏£‡πÇ‡∏£‡∏á‡∏™‡πÄ‡∏ï‡∏ä‡∏±‡πà‡∏ô,,‡πÄ‡∏£‡∏µ‡∏¢‡∏ô‡∏ï‡πà‡∏≠‡∏≠‡∏µ‡∏™‡∏≤‡∏ô - ‡∏†‡∏≤‡∏£‡πÇ‡∏£‡∏á‡∏™‡πÄ‡∏ï‡∏ä‡∏±‡πà‡∏ô,2022-05-09,https://scontent.fkkc3-1.fna.fbcdn.net/v/t39.30808-6/280519483_529443358717347_4988049560299822349_n.jpg?stp=cp0_dst-jpg_e15_p130x130_q65&_nc_cat=100&ccb=1-7&_nc_sid=1480c5&efg=eyJpIjoidCJ9&_nc_ohc=Cn4glYJEe-MAX9SM5mq&_nc_ht=scontent.fkkc3-1.fna&oh=00_AT8aD4EnnDDi8g6Qtzh3iXAmSHXT6n7M_05xqy4x_IguRg&oe=631F767B,[],,,[]
62,378291261013669,https://facebook.com/378291261013669,103108344684186,https://facebook.com/ESENEDUCATION/?rc=p&refid=18&__tn__=%7ER&paipv=0&eav=AfawXfhXWXty6y1DelgvetrS6ZtqRZXH2Aq65e91SYsx4Dg1zMJv2VkPgR0WQe-IB3Q,‡πÄ‡∏£‡∏µ‡∏¢‡∏ô‡∏ï‡πà‡∏≠‡∏≠‡∏µ‡∏™‡∏≤‡∏ô - ‡∏†‡∏≤‡∏£‡πÇ‡∏£‡∏á‡∏™‡πÄ‡∏ï‡∏ä‡∏±‡πà‡∏ô,,‡πÄ‡∏£‡∏µ‡∏¢‡∏ô‡∏ï‡πà‡∏≠‡∏≠‡∏µ‡∏™‡∏≤‡∏ô - ‡∏†‡∏≤‡∏£‡πÇ‡∏£‡∏á‡∏™‡πÄ‡∏ï‡∏ä‡∏±‡πà‡∏ô,2022-05-09,https://scontent.fkkc3-1.fna.fbcdn.net/v/t39.30808-6/282190763_529443318717351_6697392996528419346_n.jpg?stp=cp0_dst-jpg_e15_p130x130_q65&_nc_cat=104&ccb=1-7&_nc_sid=1480c5&efg=eyJpIjoidCJ9&_nc_ohc=OozZIzxobvkAX9GJtAV&_nc_ht=scontent.fkkc3-1.fna&oh=00_AT8ieyWJT9SZPSU8VYeevSFuUe7tif9S4DVKnCE-\-	J4Tg&oe=631F86F2,[],,,[]
63,378291241013671,https://facebook.com/378291241013671,103108344684186,https://facebook.com/ESENEDUCATION/?rc=p&refid=18&__tn__=%7ER&paipv=0&eav=AfYebl3hnnu9ZXvEQkjsQDzYWxSTxzQevADaIbPl7Ycgi-DBwEzaeG3xZ2qr77plAQM,‡πÄ‡∏£‡∏µ‡∏¢‡∏ô‡∏ï‡πà‡∏≠‡∏≠‡∏µ‡∏™‡∏≤‡∏ô - ‡∏†‡∏≤‡∏£‡πÇ‡∏£‡∏á‡∏™‡πÄ‡∏ï‡∏ä‡∏±‡πà‡∏ô,,‡πÄ‡∏£‡∏µ‡∏¢‡∏ô‡∏ï‡πà‡∏≠‡∏≠‡∏µ‡∏™‡∏≤‡∏ô - ‡∏†‡∏≤‡∏£‡πÇ‡∏£‡∏á‡∏™‡πÄ‡∏ï‡∏ä‡∏±‡πà‡∏ô,2022-05-09,https://scontent.fkkc3-1.fna.fbcdn.net/v/t39.30808-6/282558209_529443275384022_5604317351394026332_n.jpg?stp=cp0_dst-jpg_e15_p130x130_q65&_nc_cat=104&ccb=1-7&_nc_sid=1480c5&efg=eyJpIjoidCJ9&_nc_ohc=47zy_uvEp90AX_Gqs2Q&_nc_ht=scontent.fkkc3-1.fna&oh=00_AT9AZZAzRbLCCsxiM9fi_aheGUeEu3slR2OSv4Q6KFu7PA&oe=631F79E9,[],,,[]
64,378291224347006,https://facebook.com/378291224347006,103108344684186,https://facebook.com/ESENEDUCATION/?rc=p&refid=18&__tn__=%7ER&paipv=0&eav=Afaehvpm3_4Lj8fKI6eUNGh2_J0SQy_tryFen_pudqJy8xXOWyb3ksUcCK8ge6dIyKo,‡πÄ‡∏£‡∏µ‡∏¢‡∏ô‡∏ï‡πà‡∏≠‡∏≠‡∏µ‡∏™‡∏≤‡∏ô - ‡∏†‡∏≤‡∏£‡πÇ‡∏£‡∏á‡∏™‡πÄ‡∏ï‡∏ä‡∏±‡πà‡∏ô,,‡πÄ‡∏£‡∏µ‡∏¢‡∏ô‡∏ï‡πà‡∏≠‡∏≠‡∏µ‡∏™‡∏≤‡∏ô - ‡∏†‡∏≤‡∏£‡πÇ‡∏£‡∏á‡∏™‡πÄ‡∏ï‡∏ä‡∏±‡πà‡∏ô,2022-05-09,https://scontent.fkkc3-1.fna.fbcdn.net/v/t39.30808-6/280671710_529443235384026_2010587397071585769_n.jpg?stp=cp0_dst-jpg_e15_p130x130_q65&_nc_cat=110&ccb=1-7&_nc_sid=1480c5&efg=eyJpIjoidCJ9&_nc_ohc=zZEAFLUgDqsAX8u04qW&tn=-B_DPogsAKeJprI3&_nc_ht=scontent.fkkc3-1.fna&oh=00_AT_jzZxGxNGwwwY1e0nV-iC-5c6s6iqfoOzxAtc59moUNw&oe=631F3B4D,[],,,[]
65,378291204347008,https://facebook.com/378291204347008,103108344684186,https://facebook.com/ESENEDUCATION/?rc=p&refid=18&__tn__=%7ER&paipv=0&eav=AfZMZrpRRh97o7vFZ774V8uVMkpC_hHipuKCHCmGSKj9FOlabTgG8ZcujfWeZ4LTfL4,‡πÄ‡∏£‡∏µ‡∏¢‡∏ô‡∏ï‡πà‡∏≠‡∏≠‡∏µ‡∏™‡∏≤‡∏ô - ‡∏†‡∏≤‡∏£‡πÇ‡∏£‡∏á‡∏™‡πÄ‡∏ï‡∏ä‡∏±‡πà‡∏ô,,‡πÄ‡∏£‡∏µ‡∏¢‡∏ô‡∏ï‡πà‡∏≠‡∏≠‡∏µ‡∏™‡∏≤‡∏ô - ‡∏†‡∏≤‡∏£‡πÇ‡∏£‡∏á‡∏™‡πÄ‡∏ï‡∏ä‡∏±‡πà‡∏ô,2022-05-09,https://scontent.fkkc3-1.fna.fbcdn.net/v/t39.30808-6/281616598_529443202050696_4290670260828598506_n.jpg?stp=cp0_dst-jpg_e15_p130x130_q65&_nc_cat=100&ccb=1-7&_nc_sid=1480c5&efg=eyJpIjoidCJ9&_nc_ohc=OyozkDiJFKAAX_2o0Lc&_nc_ht=scontent.fkkc3-1.fna&oh=00_AT-gkxzFCjg8tfJXhfoQwR9agORVzwVXA8WOa_dkkJFXcQ&oe=631F73A2,[],,,[]
66,378291177680344,https://facebook.com/378291177680344,103108344684186,https://facebook.com/ESENEDUCATION/?rc=p&refid=18&__tn__=%7ER&paipv=0&eav=AfYlFiyMH8KT4bjN3_7KlZGhfrhjUK284y55lg8Wwv2DC2BHnxGifRqafOsgKJheKg8,‡πÄ‡∏£‡∏µ‡∏¢‡∏ô‡∏ï‡πà‡∏≠‡∏≠‡∏µ‡∏™‡∏≤‡∏ô - ‡∏†‡∏≤‡∏£‡πÇ‡∏£‡∏á‡∏™‡πÄ‡∏ï‡∏ä‡∏±‡πà‡∏ô,,‡πÄ‡∏£‡∏µ‡∏¢‡∏ô‡∏ï‡πà‡∏≠‡∏≠‡∏µ‡∏™‡∏≤‡∏ô - ‡∏†‡∏≤‡∏£‡πÇ‡∏£‡∏á‡∏™‡πÄ‡∏ï‡∏ä‡∏±‡πà‡∏ô,2022-05-09,https://scontent.fkkc3-1.fna.fbcdn.net/v/t39.30808-6/282373254_529443158717367_1640566479473313400_n.jpg?stp=cp0_dst-jpg_e15_q65_s180x540&_nc_cat=110&ccb=1-7&_nc_sid=1480c5&efg=eyJpIjoidCJ9&_nc_ohc=Qt3ozNqhebIAX-ZscBF&_nc_oc=AQmb_wzALHPfiBlBX-xnzDYhdPheaiM7EKuAtdBsfbIlDy47iI_7NScwfDBGrOEIUNs&tn=-B_DPogsAKeJprI3&_nc_ht=scontent.fkkc3-1.fna&oh=00_AT8pg4kWyjo-9t8LrAjfdwQH4HEsFwk4mc1qz2V04zcYJA&oe=6320077C,[],,,[]
67,378291097680352,https://facebook.com/378291097680352,103108344684186,https://facebook.com/ESENEDUCATION/?rc=p&refid=18&__tn__=%7ER&paipv=0&eav=Afb_DZQpR9wYmCR-mqYQAk3B7V1JXZ9MWBjDxUhmaOBsvQ7pEuHCQ7gW96ZYNHxSe8s,‡πÄ‡∏£‡∏µ‡∏¢‡∏ô‡∏ï‡πà‡∏≠‡∏≠‡∏µ‡∏™‡∏≤‡∏ô - ‡∏†‡∏≤‡∏£‡πÇ‡∏£‡∏á‡∏™‡πÄ‡∏ï‡∏ä‡∏±‡πà‡∏ô,,‡πÄ‡∏£‡∏µ‡∏¢‡∏ô‡∏ï‡πà‡∏≠‡∏≠‡∏µ‡∏™‡∏≤‡∏ô - ‡∏†‡∏≤‡∏£‡πÇ‡∏£‡∏á‡∏™‡πÄ‡∏ï‡∏ä‡∏±‡πà‡∏ô,2022-05-09,https://scontent.fkkc3-1.fna.fbcdn.net/v/t39.30808-6/282418464_529442992050717_651038671557643288_n.jpg?stp=cp0_dst-jpg_e15_p160x160_q65&_nc_cat=105&ccb=1-7&_nc_sid=1480c5&efg=eyJpIjoidCJ9&_nc_ohc=b0LuKYVu1AsAX8NiCZP&_nc_ht=scontent.fkkc3-1.fna&oh=00_AT-umocnwj1_71MdWSI31bbkQQSLp_jwnOP9MSo80ytP1Q&oe=63200ED0,[],,,[]
68,407291801446948,https://facebook.com/407291801446948,100065256943646,https://facebook.com/premsuda.prommsit?groupid=332678448908284&eav=AfbqzxX4nZZ3_ZLKDMyiOB2McYNtQcxqGfMIKLFyTQMz3wMVJbKtR5bSq2JaQsJxdjg&rc=p&refid=18&__tn__=R&paipv=0,Autcharphat Prommasit,,Bat Teria,2022-07-09,,[],,,[]
69,378947427614719,https://facebook.com/378947427614719,100023229007494,https://facebook.com/profile.php?id=100023229007494&groupid=332678448908284&eav=AfY1xUxylYI0xFSL9OKxbKS1VC4P_mi6OwlKRf2cgdR_QWFVPUfkHZO4_RZm5DLocYI&rc=p&refid=18&__tn__=R&paipv=0,Kaew,,She'e Spai'i,2022-05-09,https://scontent.fkkc3-1.fna.fbcdn.net/m1/v/t6/An-SJYN61eefFdoaV8pa0G_5_APCa0prZaqkZGXpCFeUCLCg89UPOqSkSZxJkLy0hAKKpUIPEB91mo9yBBfcAqcwmpEu5jN_jmJufFtJoVJCUklu.png?ccb=10-5&oh=00_AT8JAblfjxV8QGXN_kNOG-BlrWylWGfnoTiwlRcw57n8VA&oe=631EEEDF&_nc_sid=55e238,[],,,[]
70,378290691013726,https://facebook.com/378290691013726,107313014886240,https://facebook.com/‡πÄ‡∏£‡∏µ‡∏¢‡∏ô‡∏ï‡πà‡∏≠‡∏õ‡∏£‡∏∞‡πÄ‡∏ó‡∏®‡πÑ‡∏ó‡∏¢-107313014886240/?rc=p&refid=18&__tn__=%7ER&paipv=0&eav=Afb9KHWqCpH3gUaaIadBpEM03OknSSMeJxI0c_zNAA2bjuKsFd1y5ocxz27BNB4ylpM,‡πÄ‡∏£‡∏µ‡∏¢‡∏ô‡∏ï‡πà‡∏≠‡∏õ‡∏£‡∏∞‡πÄ‡∏ó‡∏®‡πÑ‡∏ó‡∏¢,,"#Dek66 ‡πÄ‡∏ï‡∏£‡∏µ‡∏¢‡∏°‡∏ï‡∏¥‡∏î #‡∏°‡∏Ç.ü•∞
#‡πÄ‡∏Ç‡πâ‡∏≤‡∏Å‡∏•‡∏∏‡πà‡∏° TCAS66 ‡πÄ‡∏ï‡∏£‡∏µ‡∏¢‡∏°‡∏™‡∏≠‡∏ö‡πÄ‡∏Ç‡πâ‡∏≤‡∏°‡∏´
‡∏≤‡∏ß‡∏¥‡∏ó‡∏¢‡∏≤‡∏•‡∏±‡∏¢‡∏Ç‡∏≠‡∏ô‡πÅ‡∏Å‡πà
‡∏ô ‡∏Å‡∏±‡∏ö ‡∏ó‡∏µ‡∏°‡∏á‡∏≤‡∏ô‡∏ó‡∏µ‡πà‡∏°‡∏µ‡∏õ‡∏£‡∏∞‡∏™
‡∏ö‡∏Å‡∏≤‡∏£‡∏ì‡πå ‡∏™‡∏≤‡∏¢‡∏ï‡∏£‡∏á‡∏ä‡πà‡∏ß‡∏¢‡∏ô‡πâ‡∏≠‡∏á‡πÜ
‡πÅ‡∏ô‡∏∞‡πÅ‡∏ô‡∏ß‡πÄ‡∏ï‡∏£‡∏µ‡∏¢‡∏°‡∏ï‡∏¥‡∏î
‡∏°‡∏Ç. ‡πÇ‡∏î‡∏¢‡πÄ‡∏â‡∏û‡∏≤‡∏∞
üëáüëáüëáüëáüëáüëá‡∏Å‡∏•‡∏∏‡πà‡∏°‡∏ï‡πâ‡∏ô‡∏â‡∏ö‡∏±‡∏ö
https://
www.facebook.com
/groups/
332678448908284/
?ref=share_group
_link

#Port #‡∏°‡∏Ç. #KKU
üö®üö®üö®üö®üö®üö®üö®üö®üö®üö®
#KKU #DEK66 #‡∏°‡∏´‡∏≤‡∏ß‡∏¥‡∏ó‡∏¢‡∏≤‡∏•‡∏±‡∏¢‡∏Ç‡∏≠‡∏ô‡πÅ
‡∏Å‡πà‡∏ô
#DEK66 #TCAS66",2022-05-09,,[],,,[]
