,user_name,user_location,user_description,user_verified,date,text,hashtags,favorite,retweet_count
0,ЁЭШАЁЭШБЁЭШВЁЭЧ▒ЁЭШЖЁЭШЕЁЭЧ╗ЁЭЧ╗.,His/him,"#ЁЭЧ▒ЁЭЧ▓ЁЭЧ╕ЁЭЯ▓ЁЭЯ▓ ЁЭЧзЁЭЧЦЁЭЧ╡ЁЭЧвЁЭЯнЁЭЯ┤ ,ЁЭЧ┤ЁЭЧ┐ЁЭЧоЁЭЧ▒ЁЭЧ▓ ЁЭЯ░.ЁЭЯмЁЭЯм ,ЁЭЧ┤ЁЭЧ╝ЁЭЧоЁЭЧ╣: ЁЭЧ║ЁЭЧ▓ЁЭЧ▒ ЁЭЧеЁЭЧФ ЁЭЧ╝ЁЭЧ┐ ЁЭЧЮЁЭЧЮЁЭЧи | р╕Др╕зр╕▓р╕бр╕гр╕╣р╣Й ЁЯУЭЁЯУЗ#studyxnntwtnote",False,2022-09-09 07:39:41+00:00,"RT @me_perfectindy: р╕ер╕╖р╕бр╕Вр╕▓р╕вр╕Вр╕нр╕Зр╕Хр╕гр╕Зр╕Щр╕╡р╣Йр╣Др╕Ыр╣Др╕Фр╣Йр╣Др╕Зр╣Ар╕Щр╕╡р╣Ир╕вр╕вр╕вр╕в 

р╣Бр╕Юр╕Чр╕вр╣М р╕бр╕В р╣Др╕бр╣Ир╕бр╕╡р╣Бр╕Др╕ер╕Др╕гр╣Йр╕▓р╕Ър╕Ър╕Ъ р╣Ар╕гр╕╡р╕вр╕Щр╕зр╕┤р╕Кр╕▓р╣Бр╕Юр╕Чр╕вр╣Мр╣Бр╕ер╕░р╣Ар╕гр╕╡р╕вр╕Щр╣Ар╕Ыр╣Зр╕Щр╕Ър╕ер╣Зр╕нр╕Бр╕Хр╕▒р╣Йр╕Зр╣Бр╕Хр╣И р╕Ыр╕╡ 1 р╣Ар╕ер╕в

р╣Бр╕Хр╣Ир╣Ар╕лр╕бр╕╖р╕нр╕Щр╕Юр╕╡р╣ИтАж",[None],0,28
0,р╕Ър╕нр╕Бр╣Ар╕Юр╕╖р╣Ир╕нр╕Щр╣Бр╕ер╣Йр╕з р╕зр╣Ир╕▓р╕Ир╕░р╣Ар╕Ыр╣Зр╕Щр╕лр╕бр╕н,,i want to be a doctor ЁЯСйЁЯП╝тАНтЪХя╕П.               goal: medical (kku) studentЁЯлг            #dek66,False,2022-09-09 07:34:41+00:00,RT @me_perfectindy: тЬир╣Ар╕Шр╕гр╕ФтЬи - р╕Вр╣Йр╕нр╕бр╕╣р╕ер╣Ар╕Бр╕╡р╣Ир╕вр╕зр╕Бр╕▒р╕Ър╕Др╕Ур╕░р╣Бр╕Юр╕Чр╕вр╣М р╕бр╕В р╕лр╕ер╕▒р╕Бр╕кр╕╣р╕Хр╕г MD р╣Бр╕ер╕░р╕гр╕╡р╕зр╕┤р╕зр╕Др╕Ур╕░р╣Гр╕Щр╕Ыр╕╡ 1 р╣Ар╕Чр╕нр╕б 1 р╣Гр╕Щр╕бр╕╕р╕бр╕бр╕нр╕Зр╕Вр╕нр╕Зр╣Ар╕гр╕▓р╕Ир╕▓р╕Бр╕Чр╕╡р╣Ир╣Ар╕гр╕╡р╕вр╕Щр╕бр╕▓р╕Чр╕▒р╣Йр╕Зр╕кр╕┤р╣Йр╕Щр╣Ар╕Бр╕╖р╕нр╕Ър╣Ж 1 р╣Ар╕ЧтАж,[None],0,676
0,Blackpure р╕бр╕▒р╕бр╕лр╕бр╕▓р╕вр╕▒р╕вр╣Вр╕нр╕в,marcoace iwaoi erasercloud,istp | Seokjin | Heeseung | P'Iwa,False,2022-09-09 07:33:06+00:00,RT @me_perfectindy: тЬир╣Ар╕Шр╕гр╕Фр╕ар╕▓р╕Др╕Хр╣Ир╕нтЬи - р╕гр╕╡р╕зр╕┤р╕зр╕Др╕Ур╕░р╣Бр╕Юр╕Чр╕вр╣М р╕бр╕В р╕лр╕ер╕▒р╕Бр╕кр╕╣р╕Хр╕г MD р╣Гр╕Щр╕бр╕╕р╕бр╕бр╕нр╕Зр╕Вр╕нр╕Зр╣Ар╕гр╕▓р╕Ир╕▓р╕Бр╕Чр╕╡р╣Ир╣Ар╕гр╕╡р╕вр╕Щр╕бр╕▓р╕Чр╕▒р╣Йр╕Зр╕кр╕┤р╣Йр╕Щр╣Ар╕Бр╕╖р╕нр╕Ър╣Ж 1 р╣Ар╕Чр╕нр╕бЁЯе╣ р╣Гр╕Щр╕Ыр╕╡р╣Бр╕гр╕Б #dek66 #dek67 #р╣АтАж,"[['dek66', 'dek67']]",0,4
0,w.,Kookv forever,"get it, let it roll ЁЯзИ",False,2022-09-09 07:30:00+00:00,"RT @TCASterApp: р╕гр╕зр╕бр╕зр╕▒р╕Щр╕гр╕▒р╕Ър╕кр╕бр╕▒р╕Др╕г #TCAS66 р╕гр╕нр╕Ър╕Юр╕нр╕гр╣Мр╕Х

р╕бр╕Б. :  1 р╕Ю.р╕в. - 9 р╕б.р╕Д.
р╕бр╕Ир╕Ю. : 1 р╕Х.р╕Д. - 15 р╕б.р╕Д.
р╕кр╕Ир╕е. : 1 р╕Ю.р╕в. - 20 р╕Ш.р╕Д.
р╕бр╕Ш. : 1 - 17 р╕Х.р╕Д. ,тАж",[['TCAS66']],0,1331
0,р╕Яр╣Йр╕▓р╕Цр╣Йр╕▓р╣Др╕бр╣Ир╕кр╣Ир╕Зр╣Ар╕Шр╕нр╕бр╕▓ р╕Бр╣Зр╕кр╣Ир╕Зр╕Юр╕╡р╣Ир╕Кр╕▓р╕вр╣Ар╕Шр╕нр╕бр╕▓,SOYBAD,р╕Цр╕╖р╕нр╕Др╕Хр╕┤р╕Др╕Щр╣Гр╕лр╕бр╣Ир╕Хр╣Йр╕нр╕Зр╕Фр╕╡р╕Бр╕зр╣Ир╕▓р╕Др╕Щр╣Ар╕Бр╣Ир╕▓ р╕Ыр╕▒р╕Ир╕Ир╕╕р╕Ър╕▒р╕Щр╣Ар╕ер╕вр╕вр╕▒р╕Зр╣Др╕бр╣Ир╕бр╕╡р╣Бр╕Яр╕ЩЁЯШУ,False,2022-09-09 07:29:40+00:00,"RT @TCASterApp: р╕гр╕зр╕бр╕зр╕▒р╕Щр╕гр╕▒р╕Ър╕кр╕бр╕▒р╕Др╕г #TCAS66 р╕гр╕нр╕Ър╕Юр╕нр╕гр╣Мр╕Х

р╕бр╕Б. :  1 р╕Ю.р╕в. - 9 р╕б.р╕Д.
р╕бр╕Ир╕Ю. : 1 р╕Х.р╕Д. - 15 р╕б.р╕Д.
р╕кр╕Ир╕е. : 1 р╕Ю.р╕в. - 20 р╕Ш.р╕Д.
р╕бр╕Ш. : 1 - 17 р╕Х.р╕Д. ,тАж",[['TCAS66']],0,1331
0,Blackpure р╕бр╕▒р╕бр╕лр╕бр╕▓р╕вр╕▒р╕вр╣Вр╕нр╕в,marcoace iwaoi erasercloud,istp | Seokjin | Heeseung | P'Iwa,False,2022-09-09 07:16:59+00:00,RT @me_perfectindy: тЬир╣Ар╕Шр╕гр╕ФтЬи - р╕Вр╣Йр╕нр╕бр╕╣р╕ер╣Ар╕Бр╕╡р╣Ир╕вр╕зр╕Бр╕▒р╕Ър╕Др╕Ур╕░р╣Бр╕Юр╕Чр╕вр╣М р╕бр╕В р╕лр╕ер╕▒р╕Бр╕кр╕╣р╕Хр╕г MD р╣Бр╕ер╕░р╕гр╕╡р╕зр╕┤р╕зр╕Др╕Ур╕░р╣Гр╕Щр╕Ыр╕╡ 1 р╣Ар╕Чр╕нр╕б 1 р╣Гр╕Щр╕бр╕╕р╕бр╕бр╕нр╕Зр╕Вр╕нр╕Зр╣Ар╕гр╕▓р╕Ир╕▓р╕Бр╕Чр╕╡р╣Ир╣Ар╕гр╕╡р╕вр╕Щр╕бр╕▓р╕Чр╕▒р╣Йр╕Зр╕кр╕┤р╣Йр╕Щр╣Ар╕Бр╕╖р╕нр╕Ър╣Ж 1 р╣Ар╕ЧтАж,[None],0,676
0,р╣Бр╕Др╣Кр╕Ыр╕Чр╕▒р╕Щр╕Др╕░р╕Щр╕▒р╣Кр╕Бр╣Ар╕Бр╕┤р╣Йр╕е,,,False,2022-09-09 07:15:11+00:00,"RT @me_perfectindy: р╕ер╕╖р╕бр╕Вр╕▓р╕вр╕Вр╕нр╕Зр╕Хр╕гр╕Зр╕Щр╕╡р╣Йр╣Др╕Ыр╣Др╕Фр╣Йр╣Др╕Зр╣Ар╕Щр╕╡р╣Ир╕вр╕вр╕вр╕в 

р╣Бр╕Юр╕Чр╕вр╣М р╕бр╕В р╣Др╕бр╣Ир╕бр╕╡р╣Бр╕Др╕ер╕Др╕гр╣Йр╕▓р╕Ър╕Ър╕Ъ р╣Ар╕гр╕╡р╕вр╕Щр╕зр╕┤р╕Кр╕▓р╣Бр╕Юр╕Чр╕вр╣Мр╣Бр╕ер╕░р╣Ар╕гр╕╡р╕вр╕Щр╣Ар╕Ыр╣Зр╕Щр╕Ър╕ер╣Зр╕нр╕Бр╕Хр╕▒р╣Йр╕Зр╣Бр╕Хр╣И р╕Ыр╕╡ 1 р╣Ар╕ер╕в

р╣Бр╕Хр╣Ир╣Ар╕лр╕бр╕╖р╕нр╕Щр╕Юр╕╡р╣ИтАж",[None],0,28
0,studybiiorЁЯлз,Dek66,2004 - M.6 #dek66ЁЯз╕ status: fight for my way.тШДя╕П,False,2022-09-09 07:07:52+00:00,"RT @me_perfectindy: р╕ер╕╖р╕бр╕Вр╕▓р╕вр╕Вр╕нр╕Зр╕Хр╕гр╕Зр╕Щр╕╡р╣Йр╣Др╕Ыр╣Др╕Фр╣Йр╣Др╕Зр╣Ар╕Щр╕╡р╣Ир╕вр╕вр╕вр╕в 

р╣Бр╕Юр╕Чр╕вр╣М р╕бр╕В р╣Др╕бр╣Ир╕бр╕╡р╣Бр╕Др╕ер╕Др╕гр╣Йр╕▓р╕Ър╕Ър╕Ъ р╣Ар╕гр╕╡р╕вр╕Щр╕зр╕┤р╕Кр╕▓р╣Бр╕Юр╕Чр╕вр╣Мр╣Бр╕ер╕░р╣Ар╕гр╕╡р╕вр╕Щр╣Ар╕Ыр╣Зр╕Щр╕Ър╕ер╣Зр╕нр╕Бр╕Хр╕▒р╣Йр╕Зр╣Бр╕Хр╣И р╕Ыр╕╡ 1 р╣Ар╕ер╕в

р╣Бр╕Хр╣Ир╣Ар╕лр╕бр╕╖р╕нр╕Щр╕Юр╕╡р╣ИтАж",[None],0,28
0,saturp тЬ│я╕О,тЬ│я╕О р╣Бр╕Лр╕Чр╣Ар╕Чр╕нр╕гр╣Мр╕Юр╕╡,ЁУПФ ╔┤с┤Кс┤Н ЁЯО▒ тАФ с┤Кс┤Ас┤Н╩Ас┤З╔┤ тЬ│я╕О,False,2022-09-09 07:00:05+00:00,"RT @TCASterApp: р╕гр╕зр╕бр╕зр╕▒р╕Щр╕гр╕▒р╕Ър╕кр╕бр╕▒р╕Др╕г #TCAS66 р╕гр╕нр╕Ър╕Юр╕нр╕гр╣Мр╕Х

р╕бр╕Б. :  1 р╕Ю.р╕в. - 9 р╕б.р╕Д.
р╕бр╕Ир╕Ю. : 1 р╕Х.р╕Д. - 15 р╕б.р╕Д.
р╕кр╕Ир╕е. : 1 р╕Ю.р╕в. - 20 р╕Ш.р╕Д.
р╕бр╕Ш. : 1 - 17 р╕Х.р╕Д. ,тАж",[['TCAS66']],0,1331
0,dek66,,,False,2022-09-09 06:58:42+00:00,"RT @TCASterApp: р╕гр╕зр╕бр╕зр╕▒р╕Щр╕гр╕▒р╕Ър╕кр╕бр╕▒р╕Др╕г #TCAS66 р╕гр╕нр╕Ър╕Юр╕нр╕гр╣Мр╕Х

р╕бр╕Б. :  1 р╕Ю.р╕в. - 9 р╕б.р╕Д.
р╕бр╕Ир╕Ю. : 1 р╕Х.р╕Д. - 15 р╕б.р╕Д.
р╕кр╕Ир╕е. : 1 р╕Ю.р╕в. - 20 р╕Ш.р╕Д.
р╕бр╕Ш. : 1 - 17 р╕Х.р╕Д. ,тАж",[['TCAS66']],0,1331
0,р╕бр╕▓р╕вр╕нр╕Зр╣Жр╣Жр╣Бр╕Зр╣Ир╕зр╣Жр╣Жр╕Зр╕╢р╕Бр╣Жр╕Зр╕╢р╕Бр╣Ж,,р╕Кр╕нр╕Ър╕нр╕нр╕Бр╣Бр╕Щр╕зр╕Др╕гр╕нр╕Ър╕Др╕гр╕▒р╕зр╕нр╕вр╕▓р╕Бр╕Фр╕╣р╕гр╕╣р╕ЫDm р╕бр╕▓ р╕Щр╕▒р╕Фр╕Бр╣Зр╣Др╕Фр╣Й k.56,False,2022-09-09 06:57:04+00:00,р╕лр╕▓р╕Яр╕┤р╕зр╕ер╕╣р╕Бр╕кр╕▓р╕зр╕Бр╕┤р╕Щр╕Вр╣Йр╕▓р╕зр╕Бр╕▒р╕Щр╕Хр╕нр╕Щр╕Фр╕╢р╕Бр╣Ж #р╕бр╕Вfwb  #р╕Щр╕▒р╕Фр╣Ар╕вр╣Зр╕Фр╕бр╕В #р╕бр╕Вр╕Щр╕▒р╕Фр╣Ар╕вр╣Зр╕Ф #р╕Бр╕▒р╕Зр╕кр╕Фр╕▓р╕е #р╕бр╕В #р╕Вр╕нр╕Щр╣Бр╕Бр╣Ир╕Щр╕Щр╕▒р╕Фр╣Ар╕вр╣Зр╕Ф,"[['р╕бр╕Вfwb', 'р╕Щр╕▒р╕Фр╣Ар╕вр╣Зр╕Фр╕бр╕В', 'р╕бр╕Вр╕Щр╕▒р╕Фр╣Ар╕вр╣Зр╕Ф', 'р╕Бр╕▒р╕Зр╕кр╕Фр╕▓р╕е', 'р╕бр╕В', 'р╕Вр╕нр╕Щр╣Бр╕Бр╣Ир╕Щр╕Щр╕▒р╕Фр╣Ар╕вр╣Зр╕Ф']]",0,0
0,shades of blue ЁЯУЭ,,тЮбя╕П #dek66 | goal : med ЁЯй║,False,2022-09-09 06:44:52+00:00,"RT @me_perfectindy: р╕ер╕╖р╕бр╕Вр╕▓р╕вр╕Вр╕нр╕Зр╕Хр╕гр╕Зр╕Щр╕╡р╣Йр╣Др╕Ыр╣Др╕Фр╣Йр╣Др╕Зр╣Ар╕Щр╕╡р╣Ир╕вр╕вр╕вр╕в 

р╣Бр╕Юр╕Чр╕вр╣М р╕бр╕В р╣Др╕бр╣Ир╕бр╕╡р╣Бр╕Др╕ер╕Др╕гр╣Йр╕▓р╕Ър╕Ър╕Ъ р╣Ар╕гр╕╡р╕вр╕Щр╕зр╕┤р╕Кр╕▓р╣Бр╕Юр╕Чр╕вр╣Мр╣Бр╕ер╕░р╣Ар╕гр╕╡р╕вр╕Щр╣Ар╕Ыр╣Зр╕Щр╕Ър╕ер╣Зр╕нр╕Бр╕Хр╕▒р╣Йр╕Зр╣Бр╕Хр╣И р╕Ыр╕╡ 1 р╣Ар╕ер╕в

р╣Бр╕Хр╣Ир╣Ар╕лр╕бр╕╖р╕нр╕Щр╕Юр╕╡р╣ИтАж",[None],0,28
0,Trafalgar's,,р╕Щр╕нр╕Щ,False,2022-09-09 06:44:26+00:00,RT @fb021995: р╕Вр╕нр╕Ир╕▒р╕Ър╕бр╕╖р╕нр╣Ар╕Шр╕нр╣Др╕Фр╣Йр╣Др╕лр╕б р╣Гр╕Щр╕Рр╕▓р╕Щр╕░р╕лр╕бр╕нр╕Фр╕╣р╕Бр╣Зр╣Др╕Фр╣Й #р╕Вр╕нр╕Щр╣Бр╕Бр╣Ир╕Щр╕Щр╕▒р╕Фр╣Ар╕вр╣Зр╕Ф #р╕кр╕▓р╕зр╕нр╕зр╕Ъ #р╕кр╕▓р╕зр╕нр╣Йр╕зр╕Щ #р╕бр╕В #р╕бр╕Вр╕Щр╕▒р╕Фр╣Ар╕вр╣Зр╕Ф https://t.co/WYKkzKdZ3i,"[['р╕Вр╕нр╕Щр╣Бр╕Бр╣Ир╕Щр╕Щр╕▒р╕Фр╣Ар╕вр╣Зр╕Ф', 'р╕кр╕▓р╕зр╕нр╕зр╕Ъ', 'р╕кр╕▓р╕зр╕нр╣Йр╕зр╕Щ', 'р╕бр╕В', 'р╕бр╕Вр╕Щр╕▒р╕Фр╣Ар╕вр╣Зр╕Ф']]",0,43
0,Koko,,р╕Ьр╕╣р╣Йр╕Кр╕▓р╕вр╕Чр╕╡р╣Ир╕Кр╕нр╕Ър╕ир╕┤р╕ер╕Ыр╕░р╕Бр╕▓р╕гр╕Хр╣Ир╕нр╕кр╕╣р╣Й,False,2022-09-09 06:35:24+00:00,р╣Вр╕Ир╕Кр╕▒р╕зр╕гр╣М р╕Цр╕╢р╕Зр╕Др╕зр╕▓р╕бр╣Ар╕Ыр╣Зр╕Щр╕бр╕зр╕вр╕Ир╕░р╕Щр╣Йр╕нр╕вр╕Бр╕зр╣Ир╕▓ р╣Бр╕Хр╣Ир╕кр╕▓р╕бр╕▓р╕гр╕Цр╣Ар╕нр╕▓р╕Кр╕Щр╕░р╕Щр╕▒р╕Бр╕Кр╕Бр╣Др╕Чр╕вр╣Ар╕бр╕╖р╣Ир╕н7р╕Чр╕╡р╣Ир╕Ьр╣Ир╕▓р╕Щр╕бр╕▓р╕Чр╕╡р╣Ир╣Ар╕зр╕Чр╕╡р╕бр╕зр╕вр╕гр╕▓р╕Кр╕Фр╕│р╣Ар╕Щр╕┤р╕Щ #р╕бр╕В #р╕Вр╕нр╕Щр╣Бр╕Бр╣Ир╕Щ #р╕лр╕ер╕▒р╕Зр╕бр╕н https://t.co/dFRflkowvp,"[['р╕бр╕В', 'р╕Вр╕нр╕Щр╣Бр╕Бр╣Ир╕Щ', 'р╕лр╕ер╕▒р╕Зр╕бр╕н']]",8,0
0,ЁЯТЫЁЯЗ╣ЁЯЗнЁЯЩПЁЯП╗ TurkkO ЁЯЩПЁЯП╗ЁЯЗ╣ЁЯЗнЁЯТЫ р╣Др╕бр╣Ир╣Ар╕нр╕▓ 112 #р╕кр╕бр╕гр╕кр╣Ар╕Чр╣Ир╕▓р╣Ар╕Чр╕╡р╕вр╕б,"Phra Nakhon, Bangkok",р╕нр╣Ир╕▓р╕Щр╕зр╣Ир╕▓р╣Ар╕Хр╕┤р╕гр╣Мр╕Бр╣Вр╕Бр╕░,False,2022-09-09 06:34:04+00:00,1р╕бр╕В 710,[None],0,0
0,Noey,,,False,2022-09-09 06:32:24+00:00,"RT @TCASterApp: р╕гр╕зр╕бр╕зр╕▒р╕Щр╕гр╕▒р╕Ър╕кр╕бр╕▒р╕Др╕г #TCAS66 р╕гр╕нр╕Ър╕Юр╕нр╕гр╣Мр╕Х

р╕бр╕Б. :  1 р╕Ю.р╕в. - 9 р╕б.р╕Д.
р╕бр╕Ир╕Ю. : 1 р╕Х.р╕Д. - 15 р╕б.р╕Д.
р╕кр╕Ир╕е. : 1 р╕Ю.р╕в. - 20 р╕Ш.р╕Д.
р╕бр╕Ш. : 1 - 17 р╕Х.р╕Д. ,тАж",[['TCAS66']],0,1331
0,р╕Бр╕┤р╕бр╣Вр╕Ыр╣Ар╕Фр╣Зр╕Бр╣Ар╕Чр╕Др╕Щр╕┤р╕Д,,,False,2022-09-09 06:29:58+00:00,"RT @TCASterApp: р╕гр╕зр╕бр╕зр╕▒р╕Щр╕гр╕▒р╕Ър╕кр╕бр╕▒р╕Др╕г #TCAS66 р╕гр╕нр╕Ър╕Юр╕нр╕гр╣Мр╕Х

р╕бр╕Б. :  1 р╕Ю.р╕в. - 9 р╕б.р╕Д.
р╕бр╕Ир╕Ю. : 1 р╕Х.р╕Д. - 15 р╕б.р╕Д.
р╕кр╕Ир╕е. : 1 р╕Ю.р╕в. - 20 р╕Ш.р╕Д.
р╕бр╕Ш. : 1 - 17 р╕Х.р╕Д. ,тАж",[['TCAS66']],0,1331
0,NongSallypxxt,"Los Angeles, CA",,False,2022-09-09 06:27:47+00:00,"RT @TCASterApp: р╕гр╕зр╕бр╕зр╕▒р╕Щр╕гр╕▒р╕Ър╕кр╕бр╕▒р╕Др╕г #TCAS66 р╕гр╕нр╕Ър╕Юр╕нр╕гр╣Мр╕Х

р╕бр╕Б. :  1 р╕Ю.р╕в. - 9 р╕б.р╕Д.
р╕бр╕Ир╕Ю. : 1 р╕Х.р╕Д. - 15 р╕б.р╕Д.
р╕кр╕Ир╕е. : 1 р╕Ю.р╕в. - 20 р╕Ш.р╕Д.
р╕бр╕Ш. : 1 - 17 р╕Х.р╕Д. ,тАж",[['TCAS66']],0,1331
0,р╣Др╕ор╕Чр╕▓р╕Щр╕┤ р╕Зр╕╕р╕З,,р╕Хр╕▒р╕Зр╕Бр╕┤р╕Щр╣Др╕бр╣Ир╣Др╕Фр╣Й р╣Бр╕ер╣Йр╕зр╕Ир╕░р╣Ар╕Бр╣Зр╕Ър╣Др╕зр╣Йр╕Чр╕│р╣Др╕б ft.р╕Ыр╕ер╣Ир╕нр╕вр╕Вр╕нр╕З,False,2022-09-09 06:21:21+00:00,"RT @TCASterApp: р╕гр╕зр╕бр╕зр╕▒р╕Щр╕гр╕▒р╕Ър╕кр╕бр╕▒р╕Др╕г #TCAS66 р╕гр╕нр╕Ър╕Юр╕нр╕гр╣Мр╕Х

р╕бр╕Б. :  1 р╕Ю.р╕в. - 9 р╕б.р╕Д.
р╕бр╕Ир╕Ю. : 1 р╕Х.р╕Д. - 15 р╕б.р╕Д.
р╕кр╕Ир╕е. : 1 р╕Ю.р╕в. - 20 р╕Ш.р╕Д.
р╕бр╕Ш. : 1 - 17 р╕Х.р╕Д. ,тАж",[['TCAS66']],0,1331
0,_diary.pakЁЯдН р╣Ар╕гр╕╡р╕вр╕Щр╕Ър╣Йр╕▓р╕Зр╣Бр╕Хр╣Ир╕Ър╣Ир╕Щр╕бр╕▓р╕Бр╕Бр╕зр╣Ир╕▓р╣Ар╕гр╕╡р╕вр╕Щ,,"ЁЯУУFaculty of business,RU ЁЯМЯ р╣Ар╕ер╣Зр╕Зр╕Др╕Ур╕░р╣Бр╕Юр╕Чр╕вр╣Мр╣Др╕зр╣Йр╕Др╣Йр╕▓р╕Ъ р╕лр╕бр╕▓р╕вр╕Цр╕╢р╕Зр╣Бр╕Яр╕Щр╕Щр╕░55555 ЁЯдНdeksiw ЁЯкР Goal MED KKU ЁЯй║ ЁЯз║make friends",False,2022-09-09 06:21:11+00:00,"RT @me_perfectindy: р╕ер╕╖р╕бр╕Вр╕▓р╕вр╕Вр╕нр╕Зр╕Хр╕гр╕Зр╕Щр╕╡р╣Йр╣Др╕Ыр╣Др╕Фр╣Йр╣Др╕Зр╣Ар╕Щр╕╡р╣Ир╕вр╕вр╕вр╕в 

р╣Бр╕Юр╕Чр╕вр╣М р╕бр╕В р╣Др╕бр╣Ир╕бр╕╡р╣Бр╕Др╕ер╕Др╕гр╣Йр╕▓р╕Ър╕Ър╕Ъ р╣Ар╕гр╕╡р╕вр╕Щр╕зр╕┤р╕Кр╕▓р╣Бр╕Юр╕Чр╕вр╣Мр╣Бр╕ер╕░р╣Ар╕гр╕╡р╕вр╕Щр╣Ар╕Ыр╣Зр╕Щр╕Ър╕ер╣Зр╕нр╕Бр╕Хр╕▒р╣Йр╕Зр╣Бр╕Хр╣И р╕Ыр╕╡ 1 р╣Ар╕ер╕в

р╣Бр╕Хр╣Ир╣Ар╕лр╕бр╕╖р╕нр╕Щр╕Юр╕╡р╣ИтАж",[None],0,28
0,р╕Кр╕╡р╣Вр╕ЪЁЯНл ft.р╕нр╣Ир╕▓р╕Щр╕лр╕Щр╕▒р╕Зр╕кр╕╖р╕нр╕кр╕нр╕ЪGED,р╕гр╕▒р╕Бр╕лр╕вр╕┤р╣Ир╕Щр╕зр╕нр╕гр╣Мр╕Чр╕╡р╣Ир╕кр╕╕р╕Фр╣Гр╕Щр╣Вр╕ер╕Б,р╕Ьр╕бр╕Ир╕░р╕Хр╕▓р╕бр╕Чр╕╕р╕Бр╕Др╕Щр╕Чр╕╡р╣Ир╕Ьр╕бр╣Вр╕Фр╕Щр╕Хр╕Бр╕ор╕░,False,2022-09-09 06:20:49+00:00,р╕бр╕В.р╕бр╕нр╣Гр╕И https://t.co/bghWH0fJl9,[None],0,0
0,Meow meow,,,False,2022-09-09 06:20:35+00:00,"RT @TCASterApp: р╕гр╕зр╕бр╕зр╕▒р╕Щр╕гр╕▒р╕Ър╕кр╕бр╕▒р╕Др╕г #TCAS66 р╕гр╕нр╕Ър╕Юр╕нр╕гр╣Мр╕Х

р╕бр╕Б. :  1 р╕Ю.р╕в. - 9 р╕б.р╕Д.
р╕бр╕Ир╕Ю. : 1 р╕Х.р╕Д. - 15 р╕б.р╕Д.
р╕кр╕Ир╕е. : 1 р╕Ю.р╕в. - 20 р╕Ш.р╕Д.
р╕бр╕Ш. : 1 - 17 р╕Х.р╕Д. ,тАж",[['TCAS66']],0,1331
0,р╕Ър╕░р╕ер╕╢р╕Бр╕Ър╕░р╕ер╕▒р╕Бр╕Ър╕░р╕нр╕╢р╕Бр╕Ър╕░р╕нр╕▒р╕Бр╕нр╕╕р╣Лр╕Зр╣Ж тШАя╕П HOT тШАя╕П,,"р╣Бр╕бр╣Ир╕бр╕░р╕бр╕┤р╕З
р╕Ър╕▓р╕Зр╕зр╕▒р╕Щр╕бр╕▒р╕бр╕лр╕бр╕▓ р╕Ър╕▓р╕Зр╕Чр╕╡р╕бр╕▒р╕бр╣Ар╕бр╕╡р╕в
р╕лр╕зр╕╡р╕Фр╕бр╕┤р╕Зр╣Бр╕Ър╕Ър╕Бр╕гр╕░р╕Лр╕┤р╕Ъ 
р╕лр╕зр╕╡р╕Фр╕нр╕╡р╕Б12р╣Бр╕Ър╕Ър╕Хр╕░р╣Вр╕Бр╕Щ
ЁЯТО Carat since 2022 ЁЯТО",False,2022-09-09 06:13:07+00:00,@mingem_k р╕Щр╣Йр╕нр╕Зр╕бр╕░р╕бр╣Ир╕зр╕З р╕Цр╕▓р╕Ыр╕▒р╕Х р╕бр╕В. https://t.co/wN6L4Umu1p,[None],0,0
0,тЩб╠╖╠╖╠╖ yes / goal med kku51 /.,,ЁЯзБ┬╖╦Ъ р╕Юр╕гр╣Йр╕нр╕бр╣Гр╕лр╣Йр╕Бр╕│р╕ер╕▒р╕Зр╣Гр╕Ир╕Чр╕╕р╕Бр╕Др╕Щ р╕кр╣Ир╕зр╕Щр╕гр╕▓р╕вр╕ер╕░р╣Ар╕нр╕╡р╕вр╕Фр╣Ар╕гр╕╖р╣Ир╕нр╕Зр╕Бр╕▓р╕гр╣Ар╕гр╕╡р╕вр╕Щ р╣Ар╕Др╣Йр╕▓р╕Вр╕нр╣Гр╕лр╣Йр╕Ыр╕гр╕░р╕кр╕Ър╕Ьр╕ер╕кр╕│р╣Ар╕гр╣Зр╕Ир╕Бр╣Ир╕нр╕Щр╕Щр╕░ р╝ШтЩб тВК╦ЪЁЯУЭ #dek65 #dek66ЁЯОЕЁЯП╗┬╖╦Ъ╦О╦К╦Ч ЁЯМиЁЯЫТ #metomedkku51 ЁЯй╣ЁЯМз р╕Лр╕┤р╣Ир╕зр╕нр╕вр╕╣р╣Ир╕Ър╣Йр╕▓р╕Щр╕Зр╕▒р╕ЪЁЯПб,False,2022-09-09 06:12:48+00:00,"RT @me_perfectindy: р╕ер╕╖р╕бр╕Вр╕▓р╕вр╕Вр╕нр╕Зр╕Хр╕гр╕Зр╕Щр╕╡р╣Йр╣Др╕Ыр╣Др╕Фр╣Йр╣Др╕Зр╣Ар╕Щр╕╡р╣Ир╕вр╕вр╕вр╕в 

р╣Бр╕Юр╕Чр╕вр╣М р╕бр╕В р╣Др╕бр╣Ир╕бр╕╡р╣Бр╕Др╕ер╕Др╕гр╣Йр╕▓р╕Ър╕Ър╕Ъ р╣Ар╕гр╕╡р╕вр╕Щр╕зр╕┤р╕Кр╕▓р╣Бр╕Юр╕Чр╕вр╣Мр╣Бр╕ер╕░р╣Ар╕гр╕╡р╕вр╕Щр╣Ар╕Ыр╣Зр╕Щр╕Ър╕ер╣Зр╕нр╕Бр╕Хр╕▒р╣Йр╕Зр╣Бр╕Хр╣И р╕Ыр╕╡ 1 р╣Ар╕ер╕в

р╣Бр╕Хр╣Ир╣Ар╕лр╕бр╕╖р╕нр╕Щр╕Юр╕╡р╣ИтАж",[None],0,28
0,BLUE,,Study with meЁЯУЪЁЯУЦЁЯУС  р╕Вр╕нр╣Гр╕лр╣Йр╕Хр╕┤р╕ФMDKKU,False,2022-09-09 06:11:55+00:00,"RT @me_perfectindy: р╕ер╕╖р╕бр╕Вр╕▓р╕вр╕Вр╕нр╕Зр╕Хр╕гр╕Зр╕Щр╕╡р╣Йр╣Др╕Ыр╣Др╕Фр╣Йр╣Др╕Зр╣Ар╕Щр╕╡р╣Ир╕вр╕вр╕вр╕в 

р╣Бр╕Юр╕Чр╕вр╣М р╕бр╕В р╣Др╕бр╣Ир╕бр╕╡р╣Бр╕Др╕ер╕Др╕гр╣Йр╕▓р╕Ър╕Ър╕Ъ р╣Ар╕гр╕╡р╕вр╕Щр╕зр╕┤р╕Кр╕▓р╣Бр╕Юр╕Чр╕вр╣Мр╣Бр╕ер╕░р╣Ар╕гр╕╡р╕вр╕Щр╣Ар╕Ыр╣Зр╕Щр╕Ър╕ер╣Зр╕нр╕Бр╕Хр╕▒р╣Йр╕Зр╣Бр╕Хр╣И р╕Ыр╕╡ 1 р╣Ар╕ер╕в

р╣Бр╕Хр╣Ир╣Ар╕лр╕бр╕╖р╕нр╕Щр╕Юр╕╡р╣ИтАж",[None],0,28
0,victoria,,love is why i am here gurl sinceтАЩ2004 ЁЯжвin loveЁЯдН888/222 #victoriaisecongurl,False,2022-09-09 05:55:21+00:00,"RT @TCASterApp: р╕гр╕зр╕бр╕зр╕▒р╕Щр╕гр╕▒р╕Ър╕кр╕бр╕▒р╕Др╕г #TCAS66 р╕гр╕нр╕Ър╕Юр╕нр╕гр╣Мр╕Х

р╕бр╕Б. :  1 р╕Ю.р╕в. - 9 р╕б.р╕Д.
р╕бр╕Ир╕Ю. : 1 р╕Х.р╕Д. - 15 р╕б.р╕Д.
р╕кр╕Ир╕е. : 1 р╕Ю.р╕в. - 20 р╕Ш.р╕Д.
р╕бр╕Ш. : 1 - 17 р╕Х.р╕Д. ,тАж",[['TCAS66']],0,1331
0,qq_,,ЁЯМК,False,2022-09-09 05:50:32+00:00,"RT @TCASterApp: р╕гр╕зр╕бр╕зр╕▒р╕Щр╕гр╕▒р╕Ър╕кр╕бр╕▒р╕Др╕г #TCAS66 р╕гр╕нр╕Ър╕Юр╕нр╕гр╣Мр╕Х

р╕бр╕Б. :  1 р╕Ю.р╕в. - 9 р╕б.р╕Д.
р╕бр╕Ир╕Ю. : 1 р╕Х.р╕Д. - 15 р╕б.р╕Д.
р╕кр╕Ир╕е. : 1 р╕Ю.р╕в. - 20 р╕Ш.р╕Д.
р╕бр╕Ш. : 1 - 17 р╕Х.р╕Д. ,тАж",[['TCAS66']],0,1331
0,р╕нр╕вр╣Ир╕▓р╕кр╣Ир╕нр╕Зр╕Чр╕зр╕┤р╕Хр╕Щр╕╕,,,False,2022-09-09 05:39:59+00:00,"RT @TCASterApp: р╕гр╕зр╕бр╕зр╕▒р╕Щр╕гр╕▒р╕Ър╕кр╕бр╕▒р╕Др╕г #TCAS66 р╕гр╕нр╕Ър╕Юр╕нр╕гр╣Мр╕Х

р╕бр╕Б. :  1 р╕Ю.р╕в. - 9 р╕б.р╕Д.
р╕бр╕Ир╕Ю. : 1 р╕Х.р╕Д. - 15 р╕б.р╕Д.
р╕кр╕Ир╕е. : 1 р╕Ю.р╕в. - 20 р╕Ш.р╕Д.
р╕бр╕Ш. : 1 - 17 р╕Х.р╕Д. ,тАж",[['TCAS66']],0,1331
0,р╕Др╕Щр╕Хр╕▒р╕зр╕Фр╕│..,,р╕Ыр╕гр╕░р╕кр╕Ър╕Бр╕▓р╕гр╕Ур╣Мр╕Фр╣Йр╕▓р╕Щр╕бр╕╖р╕Ф.................,False,2022-09-09 05:38:18+00:00,р╕Ър╕гр╕гр╕вр╕▓р╕Бр╕▓р╕ир╕бр╕▒р╕Щр╣Др╕Фр╣Й....#р╕Вр╕нр╕Щр╣Бр╕Бр╣Ир╕Щ #р╕бр╕В  #р╕лр╕ер╕▒р╕Зр╕бр╕н #fwbр╕бр╕В https://t.co/MmDvgilLwe,"[['р╕Вр╕нр╕Щр╣Бр╕Бр╣Ир╕Щ', 'р╕бр╕В', 'р╕лр╕ер╕▒р╕Зр╕бр╕н', 'fwbр╕бр╕В']]",1,0
0,k.ЁЯла,,,False,2022-09-09 05:37:50+00:00,"RT @me_perfectindy: р╕ер╕╖р╕бр╕Вр╕▓р╕вр╕Вр╕нр╕Зр╕Хр╕гр╕Зр╕Щр╕╡р╣Йр╣Др╕Ыр╣Др╕Фр╣Йр╣Др╕Зр╣Ар╕Щр╕╡р╣Ир╕вр╕вр╕вр╕в 

р╣Бр╕Юр╕Чр╕вр╣М р╕бр╕В р╣Др╕бр╣Ир╕бр╕╡р╣Бр╕Др╕ер╕Др╕гр╣Йр╕▓р╕Ър╕Ър╕Ъ р╣Ар╕гр╕╡р╕вр╕Щр╕зр╕┤р╕Кр╕▓р╣Бр╕Юр╕Чр╕вр╣Мр╣Бр╕ер╕░р╣Ар╕гр╕╡р╕вр╕Щр╣Ар╕Ыр╣Зр╕Щр╕Ър╕ер╣Зр╕нр╕Бр╕Хр╕▒р╣Йр╕Зр╣Бр╕Хр╣И р╕Ыр╕╡ 1 р╣Ар╕ер╕в

р╣Бр╕Хр╣Ир╣Ар╕лр╕бр╕╖р╕нр╕Щр╕Юр╕╡р╣ИтАж",[None],0,28
0,ЁЯУХр╕гр╕▒р╕Ър╕кр╕нр╕Щр╕ар╕▓р╕йр╕▓р╕нр╕▒р╕Зр╕Бр╕др╕й,р╕гр╕╡р╕зр╕┤р╕зр╕Бр╕▓р╕гр╣Ар╕гр╕╡р╕вр╕Щ/р╕Ьр╕ер╕Зр╕▓р╕Щр╕Чр╕╡р╣ИLIKESр╕Др╣Ир╕░,"р╕кр╕нр╕Щр╣Вр╕Фр╕вр╕Юр╕╡р╣Ир╕Ир╕Ър╕Ир╕▓р╕Бр╕Шр╕гр╕гр╕бр╕ир╕▓р╕кр╕Хр╕гр╣М (р╕Ьр╕ер╕Зр╕▓р╕Щ:р╕Щр╣Йр╕нр╕Зр╣Жр╕Хр╕┤р╕ФCommarts,BMIR,BEC,LLB,BJM,Russian Studies,PBIC,GAT100+,TU-GET600+,IELTS7.0+р╕пр╕ер╕п) LineID: @xvn8161a(р╕бр╕╡@/р╕Хр╕нр╕Ър╣Др╕зр╕Бр╕зр╣Ир╕▓) р╕лр╕гр╕╖р╕н DM",False,2022-09-09 05:32:40+00:00,"RT @TCASterApp: р╕гр╕зр╕бр╕зр╕▒р╕Щр╕гр╕▒р╕Ър╕кр╕бр╕▒р╕Др╕г #TCAS66 р╕гр╕нр╕Ър╕Юр╕нр╕гр╣Мр╕Х

р╕бр╕Б. :  1 р╕Ю.р╕в. - 9 р╕б.р╕Д.
р╕бр╕Ир╕Ю. : 1 р╕Х.р╕Д. - 15 р╕б.р╕Д.
р╕кр╕Ир╕е. : 1 р╕Ю.р╕в. - 20 р╕Ш.р╕Д.
р╕бр╕Ш. : 1 - 17 р╕Х.р╕Д. ,тАж",[['TCAS66']],0,1331
0,р╣Ар╕ер╕▓р╕нр╕вр╕▓р╕Бр╣Ар╕Ыр╣Зр╕Щр╕Щр╕▒р╕Зр╕Яр╣Йр╕▓,,,False,2022-09-09 05:32:25+00:00,"RT @TCASterApp: р╕гр╕зр╕бр╕зр╕▒р╕Щр╕гр╕▒р╕Ър╕кр╕бр╕▒р╕Др╕г #TCAS66 р╕гр╕нр╕Ър╕Юр╕нр╕гр╣Мр╕Х

р╕бр╕Б. :  1 р╕Ю.р╕в. - 9 р╕б.р╕Д.
р╕бр╕Ир╕Ю. : 1 р╕Х.р╕Д. - 15 р╕б.р╕Д.
р╕кр╕Ир╕е. : 1 р╕Ю.р╕в. - 20 р╕Ш.р╕Д.
р╕бр╕Ш. : 1 - 17 р╕Х.р╕Д. ,тАж",[['TCAS66']],0,1331
0,ч╛ОщЬЦ,make friend 24/7ЁЯЦРЁЯП╗ЁЯдН,dek65+1,False,2022-09-09 05:29:36+00:00,"RT @me_perfectindy: р╕ер╕╖р╕бр╕Вр╕▓р╕вр╕Вр╕нр╕Зр╕Хр╕гр╕Зр╕Щр╕╡р╣Йр╣Др╕Ыр╣Др╕Фр╣Йр╣Др╕Зр╣Ар╕Щр╕╡р╣Ир╕вр╕вр╕вр╕в 

р╣Бр╕Юр╕Чр╕вр╣М р╕бр╕В р╣Др╕бр╣Ир╕бр╕╡р╣Бр╕Др╕ер╕Др╕гр╣Йр╕▓р╕Ър╕Ър╕Ъ р╣Ар╕гр╕╡р╕вр╕Щр╕зр╕┤р╕Кр╕▓р╣Бр╕Юр╕Чр╕вр╣Мр╣Бр╕ер╕░р╣Ар╕гр╕╡р╕вр╕Щр╣Ар╕Ыр╣Зр╕Щр╕Ър╕ер╣Зр╕нр╕Бр╕Хр╕▒р╣Йр╕Зр╣Бр╕Хр╣И р╕Ыр╕╡ 1 р╣Ар╕ер╕в

р╣Бр╕Хр╣Ир╣Ар╕лр╕бр╕╖р╕нр╕Щр╕Юр╕╡р╣ИтАж",[None],0,28
0,р╣Бр╕Яр╕гр╕╡р╣Ир╕Бр╣Йр╕нр╕Фр╕бр╕▓р╣Ар╕Хр╣Йр╕нр╕Ир╕░р╣Ар╕Ыр╣Зр╕Щр╕Др╕╕р╕Ур╕лр╕бр╕н ЁЯкД,mf 24/7,"ЁУИИ dek65.5 тЛЖ ргк.ЁЯЪПgoal : med rama , tu ЁЯкРтАзтБ║уАВр╣Ар╕Ыр╣Зр╕Щр╕Щр╕▓р╕Зр╕Яр╣Йр╕▓р╣Бр╕бр╣Ир╕Чр╕╣р╕ер╕лр╕▒р╕зр╣Бр╕ер╕░р╣Ар╕Ыр╣Зр╕Щр╕зр╣Ир╕▓р╕Чр╕╡р╣Ир╕Др╕╕р╕Ур╕лр╕бр╕н #fairygodoctor",False,2022-09-09 05:27:28+00:00,"RT @me_perfectindy: р╕ер╕╖р╕бр╕Вр╕▓р╕вр╕Вр╕нр╕Зр╕Хр╕гр╕Зр╕Щр╕╡р╣Йр╣Др╕Ыр╣Др╕Фр╣Йр╣Др╕Зр╣Ар╕Щр╕╡р╣Ир╕вр╕вр╕вр╕в 

р╣Бр╕Юр╕Чр╕вр╣М р╕бр╕В р╣Др╕бр╣Ир╕бр╕╡р╣Бр╕Др╕ер╕Др╕гр╣Йр╕▓р╕Ър╕Ър╕Ъ р╣Ар╕гр╕╡р╕вр╕Щр╕зр╕┤р╕Кр╕▓р╣Бр╕Юр╕Чр╕вр╣Мр╣Бр╕ер╕░р╣Ар╕гр╕╡р╕вр╕Щр╣Ар╕Ыр╣Зр╕Щр╕Ър╕ер╣Зр╕нр╕Бр╕Хр╕▒р╣Йр╕Зр╣Бр╕Хр╣И р╕Ыр╕╡ 1 р╣Ар╕ер╕в

р╣Бр╕Хр╣Ир╣Ар╕лр╕бр╕╖р╕нр╕Щр╕Юр╕╡р╣ИтАж",[None],0,28
0,ЁЭШУЁЭШвЁЭШдЁЭШжЁЭШ│ ЁЭШЧЁЭШвЁЭШ│ЁЭШмЁЭШжЁЭШ│~,Gemma Farley,,False,2022-09-09 05:23:39+00:00,"RT @TCASterApp: р╕гр╕зр╕бр╕зр╕▒р╕Щр╕гр╕▒р╕Ър╕кр╕бр╕▒р╕Др╕г #TCAS66 р╕гр╕нр╕Ър╕Юр╕нр╕гр╣Мр╕Х

р╕бр╕Б. :  1 р╕Ю.р╕в. - 9 р╕б.р╕Д.
р╕бр╕Ир╕Ю. : 1 р╕Х.р╕Д. - 15 р╕б.р╕Д.
р╕кр╕Ир╕е. : 1 р╕Ю.р╕в. - 20 р╕Ш.р╕Д.
р╕бр╕Ш. : 1 - 17 р╕Х.р╕Д. ,тАж",[['TCAS66']],0,1331
0,Render,"IтАЩm in twilight zone р┐Р тШ╛ 

тАа тШ╛ nightmare moon

тШЕ тШЕ тШЖ
",#р╣Ар╕гр╕Щр╣Ар╕гр╣Йр╕Щр╣Бр╕Ир╕Б #р╣Ар╕гр╕Щр╣Ар╕гр╣Йр╕Щreview #р╣Ар╕гр╕Щр╣Ар╕гр╣Йр╕Щdesign #RNYartwork #р╣Ар╕гр╣Йр╕Щр╕Фр╕╣р╕Фр╕зр╕З #р╣Ар╕гр╕Щр╣Ар╕гр╣Йр╕Щр╕нр╕▒р╕Юр╣Ар╕Фр╕Ч,False,2022-09-09 05:21:04+00:00,"RT @TCASterApp: р╕гр╕зр╕бр╕зр╕▒р╕Щр╕гр╕▒р╕Ър╕кр╕бр╕▒р╕Др╕г #TCAS66 р╕гр╕нр╕Ър╕Юр╕нр╕гр╣Мр╕Х

р╕бр╕Б. :  1 р╕Ю.р╕в. - 9 р╕б.р╕Д.
р╕бр╕Ир╕Ю. : 1 р╕Х.р╕Д. - 15 р╕б.р╕Д.
р╕кр╕Ир╕е. : 1 р╕Ю.р╕в. - 20 р╕Ш.р╕Д.
р╕бр╕Ш. : 1 - 17 р╕Х.р╕Д. ,тАж",[['TCAS66']],0,1331
0,TaeTyiloveuЁЯТУЁЯеАр╕Др╕╕р╕Ур╣Бр╕Фр╕Щр╕Вр╕нр╕Зр╕Щр╣Йр╕нр╕ЗЁЯМЯ,,Wellcome enbz worldЁЯМН||chocolate ЁЯНл||р╕Юр╕╖р╣Йр╕Щр╕Чр╕╡р╣Ир╕кр╣Ир╕зр╕Щр╕Хр╕▒р╕з||р╣Ар╕Ыр╣Зр╕Щр╕Др╕Щр╕Шр╕гр╕гр╕бр╕Фр╕▓р╕Чр╕╡р╣Ир╕Хр╣Йр╕нр╕Зр╕Бр╕▓р╕гр╕кр╕╡р╕кр╕▒р╕Щр╕Вр╕нр╕Зр╕Кр╕╡р╕зр╕┤р╕Х..|| @Bts_twt тЭдя╕ПЁЯТЫЁЯТЪNCTЁЯТЩЁЯТЬ||р╕нр╕вр╕╣р╣Ир╕Чр╕╕р╕Бр╕Фр╣Йр╕нр╕б р╕Хр╕┤р╣Ир╕Зр╕Чр╕╕р╕Бр╕зр╕З||тЭдя╕ПDanielЁЯТУWannaone,False,2022-09-09 05:14:17+00:00,"RT @TCASterApp: р╕гр╕зр╕бр╕зр╕▒р╕Щр╕гр╕▒р╕Ър╕кр╕бр╕▒р╕Др╕г #TCAS66 р╕гр╕нр╕Ър╕Юр╕нр╕гр╣Мр╕Х

р╕бр╕Б. :  1 р╕Ю.р╕в. - 9 р╕б.р╕Д.
р╕бр╕Ир╕Ю. : 1 р╕Х.р╕Д. - 15 р╕б.р╕Д.
р╕кр╕Ир╕е. : 1 р╕Ю.р╕в. - 20 р╕Ш.р╕Д.
р╕бр╕Ш. : 1 - 17 р╕Х.р╕Д. ,тАж",[['TCAS66']],0,1331
0,р╣Бр╕Юр╣Ир╕Фр╕бр╕Вр╕Др╕нр╕ер╕ер╕┤р╣Ир╕Зр╕бр╕╡,,"goal ; med kku , gks",False,2022-09-09 05:13:32+00:00,"RT @me_perfectindy: р╕ер╕╖р╕бр╕Вр╕▓р╕вр╕Вр╕нр╕Зр╕Хр╕гр╕Зр╕Щр╕╡р╣Йр╣Др╕Ыр╣Др╕Фр╣Йр╣Др╕Зр╣Ар╕Щр╕╡р╣Ир╕вр╕вр╕вр╕в 

р╣Бр╕Юр╕Чр╕вр╣М р╕бр╕В р╣Др╕бр╣Ир╕бр╕╡р╣Бр╕Др╕ер╕Др╕гр╣Йр╕▓р╕Ър╕Ър╕Ъ р╣Ар╕гр╕╡р╕вр╕Щр╕зр╕┤р╕Кр╕▓р╣Бр╕Юр╕Чр╕вр╣Мр╣Бр╕ер╕░р╣Ар╕гр╕╡р╕вр╕Щр╣Ар╕Ыр╣Зр╕Щр╕Ър╕ер╣Зр╕нр╕Бр╕Хр╕▒р╣Йр╕Зр╣Бр╕Хр╣И р╕Ыр╕╡ 1 р╣Ар╕ер╕в

р╣Бр╕Хр╣Ир╣Ар╕лр╕бр╕╖р╕нр╕Щр╕Юр╕╡р╣ИтАж",[None],0,28
0,jj р╕нр╕вр╕▓р╕Бр╕Хр╕┤р╕Фр╕лр╕бр╕нр╕гр╕▓р╕бр╕▓,,сЪЗ ЁУИТ ╓п ╓п тСЕ ЁУИТ ЁРм╣ЁЯН┤ GOLD; PONS bio ; be a med student ЁЯСйтАНЁЯФмЁУИТ ЁРм╣╦│ тЬ┐ ╓п тСЕ с│ЭЁЭДЮ ЁУИТ с│Э ЁРм╣ ╓╝ ╓Ч ╓┤сЪР ╓п тЩбтГШ тЩбтГЯЁУИТ ЁЯж╛,False,2022-09-09 05:11:13+00:00,"RT @me_perfectindy: р╕ер╕╖р╕бр╕Вр╕▓р╕вр╕Вр╕нр╕Зр╕Хр╕гр╕Зр╕Щр╕╡р╣Йр╣Др╕Ыр╣Др╕Фр╣Йр╣Др╕Зр╣Ар╕Щр╕╡р╣Ир╕вр╕вр╕вр╕в 

р╣Бр╕Юр╕Чр╕вр╣М р╕бр╕В р╣Др╕бр╣Ир╕бр╕╡р╣Бр╕Др╕ер╕Др╕гр╣Йр╕▓р╕Ър╕Ър╕Ъ р╣Ар╕гр╕╡р╕вр╕Щр╕зр╕┤р╕Кр╕▓р╣Бр╕Юр╕Чр╕вр╣Мр╣Бр╕ер╕░р╣Ар╕гр╕╡р╕вр╕Щр╣Ар╕Ыр╣Зр╕Щр╕Ър╕ер╣Зр╕нр╕Бр╕Хр╕▒р╣Йр╕Зр╣Бр╕Хр╣И р╕Ыр╕╡ 1 р╣Ар╕ер╕в

р╣Бр╕Хр╣Ир╣Ар╕лр╕бр╕╖р╕нр╕Щр╕Юр╕╡р╣ИтАж",[None],0,28
0,р╣Ар╕Ир╣Йр╕▓р╕лр╕вр╕┤р╕Зр╣Вр╕Лр╕зр╕нр╕ЩЁЯлз ( FOREVER 1 ),my home is snsd,ЁЯР░ЁЯТРЁЯлзЁЯЫ╝ЁЯк┤ЁЯзЪЁЯП╗тАНтЩАя╕ПтЬиЁЯОЖЁЯзГЁЯеЯЁЯО╛ЁЯПДтАНтЩАя╕ПЁЯкеЁЯдНтЩОя╕ПЁЯМЯЁЯНДЁЯРЫЁЯОпЁЯй╗ЁЯТХ,False,2022-09-09 05:10:45+00:00,"RT @me_perfectindy: р╕ер╕╖р╕бр╕Вр╕▓р╕вр╕Вр╕нр╕Зр╕Хр╕гр╕Зр╕Щр╕╡р╣Йр╣Др╕Ыр╣Др╕Фр╣Йр╣Др╕Зр╣Ар╕Щр╕╡р╣Ир╕вр╕вр╕вр╕в 

р╣Бр╕Юр╕Чр╕вр╣М р╕бр╕В р╣Др╕бр╣Ир╕бр╕╡р╣Бр╕Др╕ер╕Др╕гр╣Йр╕▓р╕Ър╕Ър╕Ъ р╣Ар╕гр╕╡р╕вр╕Щр╕зр╕┤р╕Кр╕▓р╣Бр╕Юр╕Чр╕вр╣Мр╣Бр╕ер╕░р╣Ар╕гр╕╡р╕вр╕Щр╣Ар╕Ыр╣Зр╕Щр╕Ър╕ер╣Зр╕нр╕Бр╕Хр╕▒р╣Йр╕Зр╣Бр╕Хр╣И р╕Ыр╕╡ 1 р╣Ар╕ер╕в

р╣Бр╕Хр╣Ир╣Ар╕лр╕бр╕╖р╕нр╕Щр╕Юр╕╡р╣ИтАж",[None],0,28
0,Queen of Swords,,,False,2022-09-09 05:05:53+00:00,RT @tsp303nungta: р╕кр╕бр╣Ар╕Фр╣Зр╕Ир╕Юр╕гр╕░р╣Ар╕Ир╣Йр╕▓р╕ер╕╣р╕Бр╣Ар╕Шр╕н р╣Ар╕Ир╣Йр╕▓р╕Яр╣Йр╕▓р╕Юр╕▒р╕Кр╕гр╕Бр╕┤р╕Хр╕┤р╕вр╕▓р╕ар╕▓ р╕Щр╣Ар╕гр╕Щр╕Чр╕┤р╕гр╕▓р╣Ар╕Чр╕Юр╕вр╕зр╕Фр╕╡ р╕Бр╕гр╕бр╕лр╕ер╕зр╕Зр╕гр╕▓р╕Кр╕кр╕▓р╕гр╕┤р╕Ур╕╡р╕кр╕┤р╕гр╕┤р╕Юр╕▒р╕Кр╕г р╕бр╕лр╕▓р╕зр╕▒р╕Кр╕гр╕гр╕▓р╕Кр╕Шр╕┤р╕Фр╕▓ р╣Ар╕кр╕Фр╣Зр╕Ир╕Юр╕╖р╣Йр╕Щр╕Чр╕╡р╣И р╕Х.р╕Юр╕ер╕зр╕Зр╕Чр╕нр╕З р╕н.тАж,[None],0,2
0,ЁЭУвЁЭУЬ1 ЁЭУЯЁЭУ▒ЁЭУ╛ЁЭУмЁЭУ▒ЁЭУ╕ЁЭУ╖ЁЭУ░ ЁЭУбЁЭУ╕ЁЭУоЁЭУ╖ЁЭУ╝ЁЭУ╛ЁЭУ┤ЁЭУ╝ЁЭУкЁЭУ╖,,тЭ╢тЭ╣тЭ╣тЭ╝,False,2022-09-09 05:03:15+00:00,RT @tsp303nungta: р╕кр╕бр╣Ар╕Фр╣Зр╕Ир╕Юр╕гр╕░р╣Ар╕Ир╣Йр╕▓р╕ер╕╣р╕Бр╣Ар╕Шр╕н р╣Ар╕Ир╣Йр╕▓р╕Яр╣Йр╕▓р╕Юр╕▒р╕Кр╕гр╕Бр╕┤р╕Хр╕┤р╕вр╕▓р╕ар╕▓ р╕Щр╣Ар╕гр╕Щр╕Чр╕┤р╕гр╕▓р╣Ар╕Чр╕Юр╕вр╕зр╕Фр╕╡ р╕Бр╕гр╕бр╕лр╕ер╕зр╕Зр╕гр╕▓р╕Кр╕кр╕▓р╕гр╕┤р╕Ур╕╡р╕кр╕┤р╕гр╕┤р╕Юр╕▒р╕Кр╕г р╕бр╕лр╕▓р╕зр╕▒р╕Кр╕гр╕гр╕▓р╕Кр╕Шр╕┤р╕Фр╕▓ р╣Ар╕кр╕Фр╣Зр╕Ир╕Юр╕╖р╣Йр╕Щр╕Чр╕╡р╣И р╕Х.р╕Юр╕ер╕зр╕Зр╕Чр╕нр╕З р╕н.тАж,[None],0,2
0,ammp,,@oliviarodrigo ЁЯдНЁЯТР,False,2022-09-09 05:03:06+00:00,"RT @me_perfectindy: р╕ер╕╖р╕бр╕Вр╕▓р╕вр╕Вр╕нр╕Зр╕Хр╕гр╕Зр╕Щр╕╡р╣Йр╣Др╕Ыр╣Др╕Фр╣Йр╣Др╕Зр╣Ар╕Щр╕╡р╣Ир╕вр╕вр╕вр╕в 

р╣Бр╕Юр╕Чр╕вр╣М р╕бр╕В р╣Др╕бр╣Ир╕бр╕╡р╣Бр╕Др╕ер╕Др╕гр╣Йр╕▓р╕Ър╕Ър╕Ъ р╣Ар╕гр╕╡р╕вр╕Щр╕зр╕┤р╕Кр╕▓р╣Бр╕Юр╕Чр╕вр╣Мр╣Бр╕ер╕░р╣Ар╕гр╕╡р╕вр╕Щр╣Ар╕Ыр╣Зр╕Щр╕Ър╕ер╣Зр╕нр╕Бр╕Хр╕▒р╣Йр╕Зр╣Бр╕Хр╣И р╕Ыр╕╡ 1 р╣Ар╕ер╕в

р╣Бр╕Хр╣Ир╣Ар╕лр╕бр╕╖р╕нр╕Щр╕Юр╕╡р╣ИтАж",[None],0,28
0,ъТ░тнРя╕ПъТ▒,,falling for you,False,2022-09-09 05:02:59+00:00,"RT @TCASterApp: р╕гр╕зр╕бр╕зр╕▒р╕Щр╕гр╕▒р╕Ър╕кр╕бр╕▒р╕Др╕г #TCAS66 р╕гр╕нр╕Ър╕Юр╕нр╕гр╣Мр╕Х

р╕бр╕Б. :  1 р╕Ю.р╕в. - 9 р╕б.р╕Д.
р╕бр╕Ир╕Ю. : 1 р╕Х.р╕Д. - 15 р╕б.р╕Д.
р╕кр╕Ир╕е. : 1 р╕Ю.р╕в. - 20 р╕Ш.р╕Д.
р╕бр╕Ш. : 1 - 17 р╕Х.р╕Д. ,тАж",[['TCAS66']],0,1331
0,sunshinexz,,"тАв ЁЭСмЁЭТЧЁЭТЖЁЭТУЁЭТЪЁЭТХЁЭТЙЁЭТКЁЭТПЁЭТИ ЁЭТДЁЭТВЁЭТП ЁЭТДЁЭТЙЁЭТВЁЭТПЁЭТИЁЭТЖ ЁЭТВЁЭТНЁЭТН ЁЭТХЁЭТЙЁЭТЖ ЁЭТХЁЭТКЁЭТОЁЭТЖ тАв
#dek66",False,2022-09-09 04:57:44+00:00,"RT @TCASterApp: р╕гр╕зр╕бр╕зр╕▒р╕Щр╕гр╕▒р╕Ър╕кр╕бр╕▒р╕Др╕г #TCAS66 р╕гр╕нр╕Ър╕Юр╕нр╕гр╣Мр╕Х

р╕бр╕Б. :  1 р╕Ю.р╕в. - 9 р╕б.р╕Д.
р╕бр╕Ир╕Ю. : 1 р╕Х.р╕Д. - 15 р╕б.р╕Д.
р╕кр╕Ир╕е. : 1 р╕Ю.р╕в. - 20 р╕Ш.р╕Д.
р╕бр╕Ш. : 1 - 17 р╕Х.р╕Д. ,тАж",[['TCAS66']],0,1331
0,ЁЯжЦ,р╕Фр╕▓р╕зр╕Щр╕▓р╣Ар╕бр╣Зр╕Б,тМптАЩуЕЕтАЩтМп,False,2022-09-09 04:56:39+00:00,"RT @TCASterApp: р╕гр╕зр╕бр╕зр╕▒р╕Щр╕гр╕▒р╕Ър╕кр╕бр╕▒р╕Др╕г #TCAS66 р╕гр╕нр╕Ър╕Юр╕нр╕гр╣Мр╕Х

р╕бр╕Б. :  1 р╕Ю.р╕в. - 9 р╕б.р╕Д.
р╕бр╕Ир╕Ю. : 1 р╕Х.р╕Д. - 15 р╕б.р╕Д.
р╕кр╕Ир╕е. : 1 р╕Ю.р╕в. - 20 р╕Ш.р╕Д.
р╕бр╕Ш. : 1 - 17 р╕Х.р╕Д. ,тАж",[['TCAS66']],0,1331
0,р╕бр╕нр╕бр╕н,,ЁЭЧ║ЁЭЧ│ ЁЭЧ▒ЁЭЧ║ | #dek66 | ╔вс┤Пс┤А╩Я : ЁЭРПЁЭРиЁЭРеЁЭРмЁЭРЬЁЭРв ЁЭРИЁЭРС ЁУПФ ЁЯНИЁЯеЫ тМЗ ЁЯеЦ,False,2022-09-09 04:50:32+00:00,"RT @TCASterApp: р╕гр╕зр╕бр╕зр╕▒р╕Щр╕гр╕▒р╕Ър╕кр╕бр╕▒р╕Др╕г #TCAS66 р╕гр╕нр╕Ър╕Юр╕нр╕гр╣Мр╕Х

р╕бр╕Б. :  1 р╕Ю.р╕в. - 9 р╕б.р╕Д.
р╕бр╕Ир╕Ю. : 1 р╕Х.р╕Д. - 15 р╕б.р╕Д.
р╕кр╕Ир╕е. : 1 р╕Ю.р╕в. - 20 р╕Ш.р╕Д.
р╕бр╕Ш. : 1 - 17 р╕Х.р╕Д. ,тАж",[['TCAS66']],0,1331
0,FIN╩ХтАвс┤етАв╩Ф,р╕Ър╕Щр╣Вр╕ер╕Б,#р╣Ар╕Фр╣Зр╕Бр╕Лр╕┤р╣Ир╕з 65.5 р╕нр╕вр╕▓р╕Бр╣Ар╕Ыр╣Зр╕Щр╕кр╕▒р╕Хр╕зр╣Ар╣Ар╕Юр╕Чр╕вр╣МЁЯРН р╕Лр╕┤р╣Ир╕зр╣Др╕Ыр╣Ар╕гр╕╡р╕вр╕Щр╣Др╕Ы р╕зр╕┤р╕Фр╕вр╕▓ psu ЁЯУгр╣Ар╣Ар╕нр╕Фр╕Щр╕╡р╣Йр╣Др╕бр╣Ир╣Др╕Фр╣Йр╕гр╕╡р╣Ар╕гр╕╖р╣Ир╕нр╕Зр╣Ар╕гр╕╡р╕вр╕Щр╕нр╕вр╣Ир╕▓р╕Зр╣Ар╕Фр╕╡р╕вр╕з р╕гр╕╡р╕Чр╕╕р╕Бр╣Ар╕гр╕╖р╣Ир╕нр╕Зр╕Чр╕╡р╣Ир╕нр╕вр╕▓р╕Бр╕гр╕╣р╣Й,False,2022-09-09 04:46:11+00:00,"RT @me_perfectindy: р╕ер╕╖р╕бр╕Вр╕▓р╕вр╕Вр╕нр╕Зр╕Хр╕гр╕Зр╕Щр╕╡р╣Йр╣Др╕Ыр╣Др╕Фр╣Йр╣Др╕Зр╣Ар╕Щр╕╡р╣Ир╕вр╕вр╕вр╕в 

р╣Бр╕Юр╕Чр╕вр╣М р╕бр╕В р╣Др╕бр╣Ир╕бр╕╡р╣Бр╕Др╕ер╕Др╕гр╣Йр╕▓р╕Ър╕Ър╕Ъ р╣Ар╕гр╕╡р╕вр╕Щр╕зр╕┤р╕Кр╕▓р╣Бр╕Юр╕Чр╕вр╣Мр╣Бр╕ер╕░р╣Ар╕гр╕╡р╕вр╕Щр╣Ар╕Ыр╣Зр╕Щр╕Ър╕ер╣Зр╕нр╕Бр╕Хр╕▒р╣Йр╕Зр╣Бр╕Хр╣И р╕Ыр╕╡ 1 р╣Ар╕ер╕в

р╣Бр╕Хр╣Ир╣Ар╕лр╕бр╕╖р╕нр╕Щр╕Юр╕╡р╣ИтАж",[None],0,28
0,meowdaisyЁЯОА,"London, England",р╕бр╕▒р╕бр╕лр╕бр╕╡р╕Щр╣Йр╕нр╕Зр╕Щр╣Ир╕зр╕Щ 100%,False,2022-09-09 04:46:06+00:00,RT @nwskkk: р╕Ыр╕гр╕░р╕Бр╕▓р╕ир╕Вр╕▓р╕вр╕кр╕▒р╕Нр╕Нр╕▓р╕лр╕н9р╕лр╕ер╕▒р╕Зр╕Др╣Ир╕▓р╕▓р╕▓ р╕кр╕Щр╣Гр╕ИDMр╕бр╕▓р╣Др╕Фр╣Йр╣Ар╕ер╕в #р╕лр╕нр╕Юр╕▒р╕Бр╕бр╕В #р╕лр╕нр╣Бр╕Ыр╕Фр╕лр╕ер╕▒р╕З #р╕лр╕нр╣Ар╕Бр╣Йр╕▓р╕лр╕ер╕▒р╕З #р╕лр╕нр╕нр╕┤р╕Щр╣Ар╕Хр╕нр╕гр╣М #р╕лр╕нр╣Гр╕Щ #р╕Чр╕╡р╕бр╕бр╕В #р╕бр╕В #KKU https://t.co/BBPnuwтАж,"[['р╕лр╕нр╕Юр╕▒р╕Бр╕бр╕В', 'р╕лр╕нр╣Бр╕Ыр╕Фр╕лр╕ер╕▒р╕З', 'р╕лр╕нр╣Ар╕Бр╣Йр╕▓р╕лр╕ер╕▒р╕З', 'р╕лр╕нр╕нр╕┤р╕Щр╣Ар╕Хр╕нр╕гр╣М', 'р╕лр╕нр╣Гр╕Щ', 'р╕Чр╕╡р╕бр╕бр╕В', 'р╕бр╕В', 'KKU']]",0,34
0,р╕Вр╕нр╕Ыр╕нр╕зр╣Ир╕▓р╕Чр╕╡р╣Ир╕Щр╕ир╕Ю.р╕бр╕нр╕Вр╕н,эГЬъ╡н,ьЭ╕ьГЭьЭД ызИьЭМъ╗П ыИДыадыЭ╝.тЩбтАзтВК╦ЪтЬз #dek66,False,2022-09-09 04:44:11+00:00,"RT @me_perfectindy: р╕ер╕╖р╕бр╕Вр╕▓р╕вр╕Вр╕нр╕Зр╕Хр╕гр╕Зр╕Щр╕╡р╣Йр╣Др╕Ыр╣Др╕Фр╣Йр╣Др╕Зр╣Ар╕Щр╕╡р╣Ир╕вр╕вр╕вр╕в 

р╣Бр╕Юр╕Чр╕вр╣М р╕бр╕В р╣Др╕бр╣Ир╕бр╕╡р╣Бр╕Др╕ер╕Др╕гр╣Йр╕▓р╕Ър╕Ър╕Ъ р╣Ар╕гр╕╡р╕вр╕Щр╕зр╕┤р╕Кр╕▓р╣Бр╕Юр╕Чр╕вр╣Мр╣Бр╕ер╕░р╣Ар╕гр╕╡р╕вр╕Щр╣Ар╕Ыр╣Зр╕Щр╕Ър╕ер╣Зр╕нр╕Бр╕Хр╕▒р╣Йр╕Зр╣Бр╕Хр╣И р╕Ыр╕╡ 1 р╣Ар╕ер╕в

р╣Бр╕Хр╣Ир╣Ар╕лр╕бр╕╖р╕нр╕Щр╕Юр╕╡р╣ИтАж",[None],0,28
